Day,Influenza A - All types of surveillance,temp,humidity,dew,precipcover,tempmax,tempmin,windspeed
2009-01-12,0.0,16.1,63.39,8.41,0.0,20.3,12.24,16.259999999999998
2009-01-19,0.0,15.53,61.09000000000001,6.93,0.417,20.9,10.1,14.22
2009-01-26,7.0,16.4,76.67,12.1,2.084,19.79,13.970000000000002,19.78
2009-02-02,3.0,14.8,74.91,10.16,1.6670000000000005,18.22,12.27,15.19
2009-02-09,2.0,19.630000000000003,78.78,15.610000000000005,0.834,23.37,16.6,13.9
2009-02-16,4.0,22.7,76.56,18.1,0.0,27.660000000000004,19.18,17.65
2009-02-23,7.0,23.520000000000003,81.86,20.06,1.6670000000000005,27.160000000000004,21.050000000000004,22.96
2009-03-02,10.0,21.66,87.75,19.48,3.75,23.68,20.03,21.1
2009-03-09,11.0,17.729999999999997,79.28999999999999,13.8,5.0,19.9,15.97,18.16
2009-03-16,15.0,19.2,74.8,14.220000000000002,3.333,22.35,16.18,15.94
2009-03-23,21.0,22.55,78.3,18.27,0.834,26.01,19.89,18.160000000000004
2009-03-30,23.0,24.5,80.19000000000001,20.68,2.918,27.77,22.09,20.89
2009-04-06,21.0,21.630000000000003,79.51,17.71,5.833,24.54,19.37,19.96
2009-04-13,32.0,23.48,80.01,19.62,2.5,26.97,21.03,20.5
2009-04-20,21.0,26.660000000000004,80.27000000000001,22.75,2.083,30.579999999999995,23.800000000000004,20.32
2009-04-27,62.0,27.130000000000003,72.78999999999999,21.5,0.833,31.1,23.5,22.42
2009-05-04,63.0,24.96,74.95,19.87,3.332,28.19,22.3,18.160000000000004
2009-05-11,75.0,25.77,79.47999999999999,21.71,2.083,28.76,23.290000000000003,21.71
2009-05-18,74.0,26.99,83.69,23.89,7.0840000000000005,30.380000000000003,24.19,22.6
2009-05-25,67.0,27.96,78.11999999999999,23.55,5.001,31.73,24.77,18.7
2009-06-01,48.0,28.360000000000003,73.97,23.0,1.666,32.29,24.9,18.01
2009-06-08,42.0,28.68,72.87,22.91,1.251,33.21,24.700000000000003,17.98
2009-06-15,33.0,30.71,69.71000000000001,24.13,2.084,35.39,26.58,18.67
2009-06-22,23.0,30.6,73.06,24.9,3.333,34.86,26.880000000000003,16.869999999999997
2009-06-29,30.0,30.71,72.42999999999999,24.92,0.417,34.49,27.19,17.619999999999997
2009-07-06,14.0,29.070000000000004,75.79,24.08,2.5,32.510000000000005,26.23,18.34
2009-07-13,13.0,28.6,78.9,24.38,5.417,32.0,25.840000000000003,24.05
2009-07-20,7.0,29.22,78.51,24.860000000000003,4.583,33.05,26.24,22.58
2009-07-27,15.0,30.04,75.69,25.0,1.251,34.11,26.4,16.84
2009-08-03,21.0,29.93,77.79,25.360000000000003,2.5,34.03,26.6,15.010000000000002
2009-08-10,32.0,30.880000000000003,73.17,25.15,1.6670000000000005,34.9,27.58,18.74
2009-08-17,29.0,29.65,75.46000000000001,24.44,2.084,34.010000000000005,26.5,19.81
2009-08-24,11.0,29.48,77.35,24.78,1.6670000000000005,33.8,25.7,20.62
2009-08-31,39.0,29.75,75.11999999999999,24.52,2.084,33.84,26.3,17.080000000000002
2009-09-07,76.0,29.75,73.28999999999999,24.1,2.501,34.400000000000006,26.3,17.23
2009-09-14,82.0,30.11,72.56,24.17,3.333,34.11,26.47,15.37
2009-09-21,54.0,28.94,80.93,24.99,5.417,32.620000000000005,25.77,17.95
2009-09-28,71.0,28.53,75.41,23.28,3.3340000000000005,32.88,25.09,21.86
2009-10-05,38.0,28.07,72.65,22.26,3.333,31.97000000000001,24.700000000000003,16.26
2009-10-12,43.0,28.28,70.86,21.98,0.417,32.690000000000005,24.4,14.01
2009-10-19,42.0,26.14,78.88,21.880000000000003,4.167,29.43,23.51,16.119999999999997
2009-10-26,34.0,26.48,77.55,21.96,0.833,30.22,22.950000000000003,14.079999999999998
2009-11-02,27.0,26.160000000000004,76.83000000000001,21.36,0.417,30.29,23.040000000000003,17.92
2009-11-09,28.0,24.56,66.9,17.35,0.0,29.620000000000005,20.46,17.64
2009-11-16,24.0,24.1,74.99,18.98,1.6670000000000005,27.87,20.97,21.7
2009-11-23,15.0,17.16,57.510000000000005,8.09,1.25,20.270000000000003,14.54,18.520000000000003
2009-11-30,12.0,20.59,72.49,14.95,0.0,24.99,16.8,15.220000000000002
2009-12-07,10.0,21.11,74.32000000000001,16.05,0.0,24.880000000000003,17.800000000000004,16.12
2009-12-14,4.0,22.51,79.12,18.45,0.417,26.770000000000003,19.5,20.2
2009-12-21,6.0,18.95,69.12,12.919999999999998,0.417,21.43,16.8,19.48
2009-12-28,0.0,18.15,70.89,12.5,0.417,21.500000000000004,15.4,16.52
2010-01-04,3.0,18.39,84.66,15.53,4.9990000000000006,20.54,16.45,17.6
2010-01-11,7.0,18.34,83.12,15.27,4.583,20.96,16.080000000000002,18.52
2010-01-18,3.0,16.520000000000003,70.92999999999999,10.84,2.9160000000000004,19.37,13.65,17.8
2010-01-25,5.0,17.76,84.77000000000001,14.95,5.8340000000000005,20.64,15.22,16.15
2010-02-01,4.0,19.06,86.49999999999999,16.669999999999998,3.75,21.48,16.75,17.29
2010-02-08,2.0,24.32,85.47,21.59,4.584,27.77,22.15,23.56
2010-02-15,0.0,21.79,81.99000000000001,18.31,4.168,25.73,18.68,24.47
2010-02-22,7.0,14.52,77.53,10.42,3.335,16.44,12.820000000000002,17.8
2010-03-01,3.0,21.52,82.60999999999999,18.160000000000004,3.3340000000000005,26.130000000000003,18.77,16.15
2010-03-08,2.0,24.07,83.9,21.03,5.0,28.58,21.74,24.1
2010-03-15,2.0,19.27,76.57000000000001,14.64,2.9159999999999995,21.67,17.15,18.7
2010-03-22,0.0,21.79,89.17,19.87,3.751,24.64,19.8,18.12
2010-03-29,0.0,22.31,76.43,17.490000000000002,2.918,25.47,19.68,23.87
2010-04-05,0.0,21.880000000000003,86.1,19.26,7.916000000000001,24.66,19.47,19.270000000000003
2010-04-12,1.0,23.05,91.16,21.44,5.415000000000001,25.5,21.32,18.880000000000003
2010-04-19,0.0,22.54,88.72,20.53,4.166000000000001,25.610000000000003,20.34,20.21
2010-04-26,0.0,23.660000000000004,83.31,20.5,15.417000000000002,27.630000000000003,20.4,22.97
2010-05-03,0.0,24.28,83.36,21.130000000000003,10.000000000000002,27.4,21.8,20.72
2010-05-10,0.0,27.26,85.91,24.59,9.999,30.56,24.9,22.32
2010-05-17,0.0,28.08,84.28,25.08,6.250000000000001,31.4,25.29,23.64
2010-05-24,0.0,29.44,79.78,25.28,6.252000000000001,34.25,25.87,23.97
2010-05-31,0.0,28.590000000000003,82.22999999999999,25.04,19.167,32.870000000000005,25.67,18.77
2010-06-07,2.0,28.160000000000004,78.58,23.84,12.918,31.910000000000004,24.9,23.12
2010-06-14,3.0,29.66,79.11,25.36,10.418000000000005,34.15,25.58,21.610000000000003
2010-06-21,5.0,31.58,74.84,26.15,7.917000000000002,36.24,27.17,18.34
2010-06-28,3.0,30.59,79.6,26.380000000000003,5.000000000000002,34.59,26.92,21.52
2010-07-05,8.0,31.04,77.27000000000001,26.18,13.751,35.54,27.21,22.99
2010-07-12,14.0,32.459999999999994,69.77000000000001,25.72,12.916000000000002,37.53,27.53,23.65
2010-07-19,14.0,29.83,78.71000000000001,25.45,17.917,33.94,25.79,25.36
2010-07-26,26.0,28.73,84.03999999999999,25.56,19.168000000000003,32.010000000000005,26.079999999999995,22.12
2010-08-02,30.0,29.42,82.89,26.0,7.084000000000001,33.14,26.08,18.95
2010-08-09,52.0,29.24,81.78999999999999,25.6,17.501,33.42,26.1,19.630000000000003
2010-08-16,53.0,28.790000000000003,84.72,25.77,17.086000000000002,32.67,26.3,17.65
2010-08-23,53.0,28.41,85.67999999999999,25.640000000000004,14.167000000000002,32.260000000000005,25.6,22.04
2010-08-30,31.0,26.93,88.56,24.76,9.168000000000005,30.74,24.28,21.47
2010-09-06,25.0,28.79,81.87,25.11,5.834000000000001,32.53,25.78,14.26
2010-09-13,22.0,28.860000000000003,82.61,25.410000000000004,23.751000000000005,32.72,26.0,17.41
2010-09-20,19.0,27.93,83.85000000000001,24.71,13.75,31.790000000000003,24.87,16.3
2010-09-27,12.0,27.83,83.08,24.49,18.751,31.8,24.7,18.7
2010-10-04,5.0,27.68,78.99,23.45,27.918000000000006,31.390000000000004,24.71,20.53
2010-10-11,4.0,27.43,68.05,20.73,17.500999999999998,30.8,24.47,19.09
2010-10-18,5.0,26.559999999999995,82.97999999999999,23.24,9.168,29.97,24.09,19.82
2010-10-25,4.0,24.85,77.66999999999999,20.19,3.333000000000001,28.43,21.89,16.12
2010-11-01,1.0,22.21,68.2,15.579999999999998,0.4170000000000014,26.170000000000005,18.68,16.330000000000002
2010-11-08,1.0,21.1,65.9,13.61,0.0,27.32,15.7,15.0
2010-11-15,4.0,22.64,68.89000000000001,15.95,1.250000000000001,28.22,17.6,12.6
2010-11-22,2.0,22.49,74.24,17.43,1.250000000000001,25.93,19.2,16.330000000000002
2010-11-29,5.0,20.93,80.54,17.32,3.333000000000001,23.53,18.87,17.259999999999998
2010-12-06,5.0,20.67,79.16,16.61,1.6670000000000016,24.37,17.46,14.68
2010-12-13,5.0,21.09,79.42,17.04,4.584000000000001,24.3,17.96,17.23
2010-12-20,10.0,18.6,83.97999999999999,15.570000000000002,7.084000000000001,21.32,15.8,20.17
2010-12-27,7.0,18.1,79.85999999999999,14.2,1.6670000000000016,21.62,14.9,17.53
2011-01-03,6.0,17.07,76.19,12.51,2.501000000000001,20.49,14.169999999999998,20.33
2011-01-10,25.0,13.38,78.47,9.54,2.918000000000001,15.25,11.61,18.52
2011-01-17,23.0,12.04,68.24000000000001,6.0600000000000005,0.4170000000000014,14.16,9.989999999999998,17.979999999999997
2011-01-24,29.0,12.169999999999998,71.24,6.720000000000001,0.4170000000000014,14.4,9.94,18.55
2011-01-31,0.0,12.74,68.96000000000001,6.93,1.250000000000001,14.76,11.07,17.2
2011-02-07,5.0,15.89,71.52000000000001,10.489999999999998,0.0,19.16,13.34,17.41
2011-02-14,30.0,18.56,81.24,15.14,4.166000000000001,21.8,15.889999999999995,20.56
2011-02-21,42.0,15.139999999999995,83.85,12.28,5.415000000000001,17.27,13.24,17.770000000000003
2011-02-28,39.0,19.05,87.91000000000001,16.830000000000002,3.333000000000001,21.35,17.139999999999997,16.48
2011-03-07,60.0,19.21,88.85,17.18,7.083000000000001,21.75,17.16,20.14
2011-03-14,50.0,17.87,86.91,15.54,2.5010000000000017,20.25,15.99,15.73
2011-03-21,25.0,16.119999999999997,93.18,14.96,5.001000000000001,18.57,13.68,16.490000000000002
2011-03-28,33.0,17.339999999999996,76.7,12.96,2.5000000000000013,19.63,15.26,19.22
2011-04-04,10.0,18.7,78.65,14.7,0.8340000000000014,21.39,16.020000000000003,16.63
2011-04-11,9.0,21.67,90.88,20.02,4.584000000000001,24.35,19.380000000000003,16.45
2011-04-18,7.0,23.85,86.74,21.35,1.2510000000000014,27.52,21.0,18.9
2011-04-25,22.0,24.67,82.99000000000001,21.34,4.167000000000001,28.22,21.6,17.4
2011-05-02,12.0,25.809999999999995,84.58,22.79,4.584000000000001,29.360000000000003,22.8,17.23
2011-05-09,6.0,26.64,89.02000000000001,24.520000000000003,4.168000000000001,30.71,23.49,21.85
2011-05-16,16.0,27.46,87.02000000000001,24.94,10.834,31.73,24.19,22.18
2011-05-23,14.0,25.95,85.92999999999999,23.25,6.251000000000002,29.360000000000003,22.9,20.9
2011-05-30,11.0,26.95,79.14,22.71,3.333000000000001,30.89,23.2,20.57
2011-06-06,15.0,28.7,80.78,24.79,15.0,33.29,24.8,18.7
2011-06-13,6.0,29.390000000000004,84.41,26.340000000000003,29.166000000000004,33.95,26.03,19.270000000000003
2011-06-20,5.0,28.96,86.22,26.32,45.001,32.830000000000005,25.57,20.22
2011-06-27,4.0,29.03,87.19,26.52,24.167,32.81,26.17,18.5
2011-07-04,12.0,28.6,85.83,25.83,13.332000000000004,32.59,25.5,21.130000000000003
2011-07-11,15.0,30.01,82.16,26.46,21.252,34.309999999999995,26.5,18.64
2011-07-18,26.0,28.82,87.22,26.37,21.667,32.6,26.02,15.28
2011-07-25,20.0,29.71,83.16,26.380000000000003,17.917,33.77,26.55,16.330000000000002
2011-08-01,18.0,29.52,82.64000000000001,26.04,17.5,33.14,26.32,19.06
2011-08-08,28.0,28.6,86.22,25.92,24.584,32.17,25.74,19.270000000000003
2011-08-15,24.0,28.7,87.18,26.23,21.668,32.54,26.07,19.45
2011-08-22,20.0,28.28,85.64000000000001,25.5,15.834000000000003,31.74,25.5,19.630000000000003
2011-08-29,31.0,28.65,81.39,24.91,11.25,32.709999999999994,24.9,14.89
2011-09-05,21.0,29.610000000000003,80.39,25.62,13.75,33.6,25.7,13.580000000000002
2011-09-12,17.0,28.090000000000003,87.63,25.74,18.33300000000001,31.56,25.5,17.02
2011-09-19,24.0,27.380000000000003,88.92999999999999,25.290000000000003,14.166000000000002,30.940000000000005,24.99,16.690000000000005
2011-09-26,28.0,27.0,79.83,22.99,19.166000000000004,30.380000000000003,24.36,18.81
2011-10-03,25.0,25.39,81.51,21.71,11.250000000000002,29.18,22.69,21.32
2011-10-10,20.0,23.02,87.44,20.65,9.167000000000002,25.28,20.78,15.76
2011-10-17,15.0,26.01,82.59,22.54,11.667000000000002,29.630000000000003,23.0,13.54
2011-10-24,25.0,25.67,76.58000000000001,20.9,2.084000000000002,29.640000000000004,22.2,13.75
2011-10-31,12.0,23.89,83.65,20.79,7.084000000000001,26.87,21.3,15.57
2011-11-07,15.0,24.47,83.34,21.31,5.417000000000002,28.02,21.5,11.77
2011-11-14,7.0,23.9,77.97,19.57,7.500000000000002,27.81,20.5,13.93
2011-11-21,7.0,23.360000000000003,81.22999999999999,19.7,0.4170000000000014,28.05,19.4,12.13
2011-11-28,9.0,22.8,82.58,19.47,7.082000000000001,26.54,19.770000000000003,12.85
2011-12-05,1.0,20.62,81.66999999999999,17.19,5.832000000000002,24.8,17.28,16.490000000000002
2011-12-12,3.0,17.589999999999996,73.44000000000001,12.46,2.083000000000001,20.94,14.51,15.76
2011-12-19,2.0,16.8,65.68,10.05,0.4170000000000014,20.0,13.65,14.62
2011-12-26,1.0,16.759999999999998,67.85,10.39,0.0,20.32,13.11,15.07
2012-01-02,3.0,15.65,69.95,9.81,0.4170000000000014,18.55,12.89,15.79
2012-01-09,2.0,13.12,80.18,9.69,4.584000000000001,14.74,11.53,15.94
2012-01-16,4.0,15.16,80.42,11.75,4.168000000000001,17.19,13.4,12.82
2012-01-23,0.0,17.229999999999997,85.44000000000001,14.669999999999998,6.2490000000000006,19.57,15.41,18.91
2012-01-30,2.0,13.27,80.11999999999999,9.8,7.0820000000000025,15.27,11.74,17.979999999999997
2012-02-06,0.0,14.96,82.69,11.95,3.750000000000001,17.16,13.27,14.11
2012-02-13,0.0,15.55,81.56,12.23,3.750000000000001,18.07,13.2,15.579999999999998
2012-02-20,3.0,15.15,79.55,11.51,2.917000000000001,17.16,13.38,15.54
2012-02-27,4.0,17.11,77.77000000000001,13.06,3.333000000000001,20.01,14.779999999999998,17.05
2012-03-05,3.0,17.24,83.33,14.24,5.001000000000002,19.660000000000004,15.210000000000004,16.93
2012-03-12,4.0,19.29,81.67,15.94,5.416000000000001,21.82,17.4,18.19
2012-03-19,1.0,18.46,81.22,15.080000000000002,4.583000000000001,20.67,16.839999999999996,13.96
2012-03-26,0.0,22.07,77.91999999999999,17.62,3.333000000000001,24.4,20.270000000000003,19.49
2012-04-02,0.0,21.56,69.08,15.28,0.4170000000000014,24.55,19.24,17.62
2012-04-09,2.0,23.01,78.41,18.880000000000003,4.583000000000001,25.860000000000003,20.7,18.67
2012-04-16,4.0,24.89,81.07000000000001,21.34,2.083000000000001,27.68,22.69,19.96
2012-04-23,8.0,26.98,79.28,22.93,2.0840000000000014,30.49,24.21,24.110000000000003
2012-04-30,3.0,27.779999999999998,71.47,21.8,1.6670000000000016,32.989999999999995,23.39,24.81
2012-05-07,9.0,29.49,73.79,23.91,12.084,35.05,25.21,21.160000000000004
2012-05-14,13.0,28.910000000000004,78.88,24.73,19.168,32.95,25.51,22.42
2012-05-21,11.0,28.97,75.88,24.08,5.418000000000001,32.57,25.67,22.25
2012-05-28,19.0,27.52,82.88,24.24,6.668000000000002,30.31,24.98,19.97
2012-06-04,26.0,27.62,78.53999999999999,23.4,8.334000000000001,30.97000000000001,24.93,16.69
2012-06-11,22.0,29.660000000000004,77.01,24.97,27.501000000000005,33.52,26.46,16.990000000000002
2012-06-18,24.0,30.82,71.09,24.59,13.750000000000004,35.43,26.9,18.5
2012-06-25,31.0,29.84,73.61,24.26,17.918,34.23,26.1,17.779999999999998
2012-07-02,19.0,29.14,76.59,24.360000000000003,14.584000000000003,32.67,25.71,17.23
2012-07-09,16.0,28.290000000000003,80.11,24.39,13.332,31.4,25.7,19.09
2012-07-16,13.0,30.110000000000003,75.15,24.96,18.75,34.09,26.8,21.71
2012-07-23,10.0,30.410000000000004,72.99000000000001,24.71,10.416,34.5,26.2,19.79
2012-07-30,6.0,28.390000000000004,80.52,24.49,14.999000000000004,32.46,25.29,20.69
2012-08-06,2.0,28.93,77.33000000000001,24.29,17.916,33.260000000000005,25.3,15.579999999999998
2012-08-13,4.0,28.42,79.3,24.25,10.000000000000002,32.25,25.22,19.58
2012-08-20,3.0,28.49,79.91,24.51,14.584000000000003,32.510000000000005,25.49,22.62
2012-08-27,0.0,28.71,76.23,23.87,18.334000000000003,32.64,25.49,16.189999999999998
2012-09-03,2.0,29.77,73.97999999999999,24.4,15.416000000000002,33.77,26.5,15.79
2012-09-10,0.0,27.82,78.74,23.59,17.084000000000003,31.610000000000003,25.130000000000003,18.7
2012-09-17,2.0,26.910000000000004,73.44,21.43,8.334000000000001,30.84,23.64,15.99
2012-09-24,3.0,27.160000000000004,72.71000000000001,21.57,4.584000000000001,31.18,23.880000000000003,15.75
2012-10-01,3.0,27.860000000000003,70.51,21.53,5.832000000000001,32.010000000000005,24.87,17.27
2012-10-08,7.0,26.26,70.78,20.0,7.917000000000002,30.4,23.0,13.75
2012-10-15,0.0,26.75,73.17999999999999,21.19,10.417000000000002,30.97,23.44,14.86
2012-10-22,2.0,26.76,71.63,20.93,6.667000000000002,30.76,23.65,19.06
2012-10-29,0.0,26.3,73.13,20.83,7.085000000000003,30.370000000000005,23.15,22.770000000000003
2012-11-05,3.0,24.21,67.16,17.29,7.917000000000002,28.130000000000003,20.78,22.23
2012-11-12,2.0,24.72,74.3,19.69,9.584,28.870000000000005,21.880000000000003,20.06
2012-11-19,3.0,23.45,72.78,18.02,7.084000000000001,27.08,20.84,18.76
2012-11-26,2.0,23.22,72.75999999999999,17.77,2.501000000000001,27.02,20.35,19.69
2012-12-03,4.0,18.73,82.4,15.570000000000002,7.501,20.85,16.86,17.19
2012-12-10,5.0,18.770000000000003,77.25,14.5,3.334000000000002,21.3,16.62,16.880000000000003
2012-12-17,3.0,20.85,78.58000000000001,16.810000000000002,0.8340000000000014,23.83,18.65,13.75
2012-12-24,5.0,19.73,71.75,14.11,5.417000000000002,22.89,17.07,17.759999999999998
2012-12-31,1.0,16.12,66.98,9.43,3.334000000000002,18.630000000000003,13.86,20.05
2013-01-07,3.0,13.04,69.84,7.159999999999999,3.333000000000002,14.76,10.72,19.44
2013-01-14,0.0,12.35,71.35,7.0,4.1670000000000025,14.29,10.64,15.580000000000002
2013-01-21,2.0,15.21,79.03999999999999,11.51,4.1670000000000025,17.23,13.29,12.78
2013-01-28,4.0,17.81,76.91999999999999,13.55,3.750000000000002,20.29,15.98,13.86
2013-02-04,4.0,19.55,80.12,15.88,7.499000000000002,22.130000000000003,17.46,16.72
2013-02-11,0.0,20.56,77.36,16.33,4.166000000000002,23.46,17.9,19.99
2013-02-18,2.0,17.38,81.64,14.13,5.833000000000002,19.56,15.190000000000005,17.95
2013-02-25,6.0,18.71,80.22999999999999,15.080000000000002,5.000000000000002,21.24,16.2,18.130000000000003
2013-03-04,7.0,21.51,73.76,16.42,3.335000000000002,24.58,18.89,19.96
2013-03-11,10.0,21.41,69.18,15.22,2.501000000000002,25.09,18.31,18.34
2013-03-18,9.0,24.05,78.02,19.87,2.0840000000000023,27.160000000000004,22.1,21.73
2013-03-25,5.0,26.2,77.17,21.72,2.0840000000000023,29.74,23.630000000000003,24.1
2013-04-01,11.0,24.59,77.4,20.22,7.084000000000003,27.610000000000003,22.130000000000003,20.020000000000003
2013-04-08,15.0,23.69,77.28999999999999,19.23,6.667000000000002,26.630000000000003,21.45,19.42
2013-04-15,25.0,21.07,70.38000000000001,15.220000000000002,4.584000000000002,24.41,18.81,16.810000000000002
2013-04-22,22.0,25.43,76.03,20.73,2.5010000000000026,29.25,22.61,18.130000000000003
2013-04-29,20.0,27.130000000000003,76.63,22.54,5.001000000000002,30.860000000000003,24.36,21.31
2013-05-06,25.0,26.01,76.41,21.380000000000003,8.333000000000002,29.910000000000004,22.81,23.53
2013-05-13,30.0,26.53,75.5,21.65,15.418000000000005,30.48,23.55,17.56
2013-05-20,29.0,29.87,71.34,23.72,3.751000000000001,35.0,25.76,22.98
2013-05-27,37.0,29.58,73.63,24.06,9.584,34.279999999999994,25.42,22.23
2013-06-03,35.0,29.290000000000003,74.17999999999999,23.85,8.750000000000002,33.47,25.35,20.26
2013-06-10,40.0,29.360000000000003,73.35,23.8,11.250000000000002,33.62,25.79,21.520000000000003
2013-06-17,41.0,29.110000000000003,65.13,21.31,4.583000000000001,33.53000000000001,25.14,17.259999999999998
2013-06-24,42.0,29.87,72.32,24.06,10.418000000000005,33.85,26.79,18.7
2013-07-01,42.0,29.630000000000003,73.45,24.12,10.001,33.57000000000001,26.5,19.29
2013-07-08,24.0,30.06,72.99,24.44,22.917,34.57,26.390000000000004,23.08
2013-07-15,19.0,29.08,77.59,24.58,12.917000000000002,32.85,26.0,19.64
2013-07-22,16.0,28.37,80.52000000000001,24.57,7.500000000000002,31.74,25.5,18.11
2013-07-29,19.0,27.65,82.33,24.2,12.502000000000002,30.95,25.25,17.54
2013-08-05,14.0,28.03,80.86,24.17,12.918,31.39,25.46,19.07
2013-08-12,16.0,27.99,80.2,24.020000000000003,14.585000000000004,31.58,25.27,20.97
2013-08-19,7.0,29.46,74.5,24.13,8.749,33.989999999999995,25.81,16.7
2013-08-26,6.0,27.92,81.11999999999999,24.19,12.917000000000002,31.98,25.12,18.35
2013-09-02,1.0,28.110000000000003,82.22999999999999,24.62,11.250000000000002,31.7,25.410000000000004,17.09
2013-09-09,9.0,26.03,85.14,23.24,19.583,29.090000000000003,23.910000000000004,15.330000000000002
2013-09-16,8.0,27.5,79.32,23.36,11.668000000000005,31.73,24.51,14.12
2013-09-23,9.0,28.640000000000004,73.97,23.17,8.751000000000001,33.26,25.26,15.91
2013-09-30,6.0,26.25,74.08,20.88,5.835000000000002,29.53,23.3,15.539999999999996
2013-10-07,6.0,26.190000000000005,69.53,19.55,1.6680000000000017,30.79,22.14,17.62
2013-10-14,10.0,27.45,64.11,19.3,0.4170000000000014,32.52,22.83,13.98
2013-10-21,7.0,24.840000000000003,71.17,18.83,5.002000000000002,28.02,21.95,15.19
2013-10-28,7.0,23.34,65.37,15.96,2.9170000000000016,27.15,19.7,15.189999999999998
2013-11-04,8.0,24.33,70.09,18.09,2.5000000000000013,28.380000000000003,21.0,15.79
2013-11-11,16.0,25.21,69.86999999999999,18.98,4.584000000000001,29.15,22.1,18.020000000000003
2013-11-18,6.0,23.16,68.6,16.759999999999998,3.334000000000002,26.2,20.62,18.71
2013-11-25,10.0,21.1,71.0,15.19,3.334000000000002,23.72,19.01,14.5
2013-12-02,5.0,20.22,61.21,11.89,3.334000000000002,23.34,17.5,16.69
2013-12-09,8.0,19.130000000000003,63.39,11.29,0.0,24.14,14.48,13.25
2013-12-16,3.0,17.32,75.12,12.61,3.750000000000001,19.89,14.46,14.5
2013-12-23,8.0,13.21,65.3,6.17,3.750000000000001,17.240000000000002,9.06,16.36
2013-12-30,10.0,13.45,51.98,2.9,0.0,18.46,9.0,15.52
2014-01-06,9.0,15.87,62.870000000000005,8.09,0.0,21.25,11.15,16.36
2014-01-13,10.0,17.869999999999997,68.78,11.8,0.0,20.87,15.29,19.73
2014-01-20,4.0,15.139999999999995,63.89000000000001,7.739999999999999,0.0,19.3,11.24,16.3
2014-01-27,1.0,16.66,62.010000000000005,8.24,0.4170000000000014,22.0,11.97,15.920000000000002
2014-02-03,1.0,19.67,75.25,14.88,0.4170000000000014,23.52,16.64,15.029999999999998
2014-02-10,2.0,20.07,75.86,15.46,5.000000000000002,23.52,17.439999999999998,22.7
2014-02-17,5.0,13.670000000000002,68.51,7.67,5.833000000000001,16.03,11.6,19.04
2014-02-24,12.0,14.81,76.71000000000001,10.46,4.999000000000001,17.14,12.89,16.9
2014-03-03,11.0,19.51,87.93,17.419999999999998,7.082000000000001,21.65,18.17,16.58
2014-03-10,18.0,18.6,88.32,16.57,8.748000000000001,20.53,17.479999999999997,18.34
2014-03-17,6.0,17.8,86.42999999999999,15.45,5.8320000000000025,19.53,16.29,15.59
2014-03-24,10.0,18.66,85.72,16.14,7.0820000000000025,21.0,16.779999999999998,16.96
2014-03-31,15.0,21.68,86.78999999999999,19.28,5.000000000000002,24.53,19.41,18.29
2014-04-07,6.0,23.9,83.72,20.88,5.417000000000002,26.23,21.58,15.54
2014-04-14,3.0,24.32,87.01,21.96,4.584000000000001,26.45,22.32,16.56
2014-04-21,11.0,26.21,86.92,23.79,2.9190000000000014,28.17,24.7,18.82
2014-04-28,8.0,26.160000000000004,86.81,23.71,5.418000000000001,28.28,24.17,18.65
2014-05-05,13.0,24.95,80.09,21.16,7.918000000000001,27.9,21.99,19.18
2014-05-12,16.0,26.72,76.27,21.9,5.001000000000002,30.48,23.4,17.59
2014-05-19,18.0,30.130000000000003,75.1,24.93,10.418000000000005,35.07,26.19,22.79
2014-05-26,15.0,30.44,76.18,25.5,10.834,35.36,26.05,24.8
2014-06-02,28.0,30.130000000000003,77.75999999999999,25.610000000000003,25.0,34.63,26.04,22.78
2014-06-09,20.0,30.2,79.1,25.940000000000005,18.335,34.5,26.22,19.87
2014-06-16,18.0,28.78,81.35999999999999,25.08,19.583,32.77,25.74,16.93
2014-06-23,6.0,29.5,79.84,25.35,22.084,33.120000000000005,26.5,17.36
2014-06-30,3.0,29.94,80.19000000000001,25.92,17.083000000000006,33.529999999999994,27.04,15.820000000000002
2014-07-07,3.0,29.37,81.91,25.81,17.085,33.09,26.62,18.130000000000003
2014-07-14,1.0,29.5,82.25,26.02,11.252000000000004,33.05,26.82,19.27
2014-07-21,3.0,28.840000000000003,83.72999999999999,25.69,11.667000000000002,32.25,25.910000000000004,19.26
2014-07-28,2.0,29.03,82.07000000000001,25.45,6.251000000000003,33.06,25.68,17.67
2014-08-04,0.0,28.98,82.19000000000001,25.46,4.168000000000003,33.01,25.41,18.56
2014-08-11,3.0,29.6,81.28999999999999,25.84,11.668000000000005,33.559999999999995,26.2,18.26
2014-08-18,1.0,29.2,80.86,25.35,12.083000000000002,32.88,26.02,16.169999999999998
2014-08-25,0.0,28.56,84.91,25.65,17.500000000000004,31.879999999999995,26.040000000000003,17.189999999999998
2014-09-01,0.0,27.55,87.50000000000001,25.15,13.334000000000003,31.09,25.07,17.22
2014-09-08,1.0,28.5,84.03999999999999,25.31,11.251000000000005,32.2,25.49,14.66
2014-09-15,4.0,29.68,82.65,26.2,14.169000000000002,33.28,26.5,15.1
2014-09-22,0.0,28.33,87.02000000000001,25.77,8.334000000000003,31.86,25.53,20.36
2014-09-29,2.0,28.15,79.78,23.93,2.5000000000000027,32.17999999999999,24.73,15.65
2014-10-06,2.0,28.77,76.26,23.770000000000003,2.0840000000000027,32.77,25.24,17.23
2014-10-13,0.0,26.54,70.1,20.09,1.667000000000003,30.860000000000003,22.46,15.070000000000002
2014-10-20,0.0,26.11,69.15,19.5,10.417000000000003,30.15,22.35,14.81
2014-10-27,1.0,26.12,77.67999999999999,21.61,23.334000000000003,29.93,23.43,14.5
2014-11-03,2.0,25.61,81.7,22.04,27.5,29.47,23.09,17.87
2014-11-10,1.0,22.19,81.96,18.82,9.582000000000004,24.58,20.17,18.35
2014-11-17,2.0,20.87,80.89,17.32,4.999000000000002,22.950000000000003,19.04,15.99
2014-11-24,1.0,21.66,78.92,17.66,2.5000000000000027,25.01,19.03,15.62
2014-12-01,5.0,24.94,81.22,21.26,1.2500000000000029,29.01,22.0,21.46
2014-12-08,4.0,19.92,74.44,14.99,5.417000000000003,22.31,17.8,19.3
2014-12-15,1.0,17.339999999999996,68.67999999999999,11.23,1.667000000000003,20.4,14.929999999999998,16.16
2014-12-22,2.0,15.97,57.35,6.85,0.0,20.21,12.02,15.6
2014-12-29,2.0,16.61,71.24,10.83,1.6660000000000028,20.77,13.0,14.12
2015-01-05,1.0,17.55,73.86,12.32,3.333000000000003,21.82,13.580000000000002,14.37
2015-01-12,2.0,16.759999999999998,81.32000000000001,13.41,8.335000000000004,19.17,14.76,15.029999999999998
2015-01-19,7.0,15.24,75.17999999999999,10.32,3.751000000000003,19.71,11.39,13.91
2015-01-26,2.0,19.02,74.22999999999999,13.87,4.583000000000003,23.79,15.3,17.79
2015-02-02,3.0,18.9,81.26,15.51,12.916000000000002,21.91,16.79,22.49
2015-02-09,4.0,14.330000000000002,78.18,10.36,6.250000000000003,16.26,12.79,15.97
2015-02-16,1.0,17.1,79.96000000000001,13.37,5.833000000000003,19.41,15.35,13.62
2015-02-23,0.0,21.49,86.73,19.08,6.667000000000003,24.36,19.59,19.07
2015-03-02,2.0,23.39,82.57000000000001,20.130000000000003,6.251000000000003,26.55,21.31,24.18
2015-03-09,3.0,19.87,88.37,17.75,11.248000000000005,21.7,18.29,18.5
2015-03-16,20.0,19.21,92.7,17.96,9.998000000000005,20.84,17.69,15.4
2015-03-23,26.0,23.98,86.59,21.5,8.333000000000002,26.65,22.17,18.64
2015-03-30,11.0,22.69,85.66,20.07,11.251,25.38,20.87,17.9
2015-04-06,9.0,26.410000000000004,81.66999999999999,22.86,3.335000000000002,30.360000000000003,23.74,23.21
2015-04-13,15.0,22.85,79.46000000000001,18.77,5.001000000000003,25.89,20.18,19.71
2015-04-20,10.0,24.96,73.53,19.380000000000003,0.8340000000000029,29.7,21.12,20.130000000000003
2015-04-27,12.0,25.64,75.25999999999999,20.7,7.084000000000003,29.12,22.92,17.889999999999997
2015-05-04,3.0,28.01,76.4,23.22,5.834000000000003,32.3,24.880000000000003,21.01
2015-05-11,13.0,29.64,77.47,25.07,12.084000000000003,33.7,26.49,22.96
2015-05-18,13.0,28.92,77.64000000000001,24.44,10.835000000000004,32.88,25.61,22.73
2015-05-25,8.0,29.45,77.71000000000001,24.89,7.502000000000002,34.08,25.610000000000003,23.27
2015-06-01,9.0,31.35,70.69,24.89,3.333000000000003,36.66,26.77,23.3
2015-06-08,12.0,29.75,77.25,25.03,6.667000000000003,34.47,25.55,23.93
2015-06-15,13.0,29.02,80.5,25.07,7.501000000000002,33.690000000000005,25.15,19.09
2015-06-22,21.0,30.28,76.84,25.53,15.417000000000002,34.370000000000005,26.7,20.62
2015-06-29,12.0,30.94,72.1,24.880000000000003,13.333000000000004,34.690000000000005,27.21,19.56
2015-07-06,17.0,32.55,62.760000000000005,23.89,2.5000000000000027,36.45,28.33,17.55
2015-07-13,25.0,29.93,65.97,22.48,4.167000000000003,33.72,25.96,18.130000000000003
2015-07-20,13.0,30.160000000000004,73.07000000000001,24.49,5.417000000000003,34.03,26.59,17.29
2015-07-27,18.0,29.02,79.3,24.87,11.251000000000005,32.86,25.79,16.4
2015-08-03,18.0,26.65,87.4,24.28,16.669000000000004,29.48,24.64,18.79
2015-08-10,22.0,27.690000000000005,84.28999999999999,24.54,15.001000000000005,30.77,25.110000000000003,18.14
2015-08-17,19.0,31.029999999999998,72.82000000000001,25.19,10.418000000000005,35.33,27.39,16.729999999999997
2015-08-24,26.0,31.4,69.64,24.73,5.001000000000003,35.68,27.19,15.98
2015-08-31,10.0,29.9,73.95,24.44,11.250000000000004,33.83,26.51,16.48
2015-09-07,14.0,28.64,81.17999999999999,24.9,10.417000000000003,32.0,26.2,15.74
2015-09-14,13.0,28.26,77.47,23.67,9.166000000000002,31.45,25.74,17.23
2015-09-21,13.0,27.14,77.55,22.68,9.584000000000003,30.15,24.98,17.22
2015-09-28,11.0,28.77,82.52,25.28,15.417000000000002,32.44,26.18,16.35
2015-10-05,10.0,29.140000000000004,75.2,24.0,15.833000000000002,32.99,25.68,16.95
2015-10-12,18.0,25.81,71.51,20.01,6.250000000000003,28.77,23.01,17.119999999999997
2015-10-19,17.0,24.82,69.02000000000001,18.35,3.751000000000003,28.69,21.37,12.44
2015-10-26,9.0,27.110000000000003,69.17,20.53,2.917000000000003,31.660000000000004,23.25,11.8
2015-11-02,17.0,26.19,72.55,20.52,5.001000000000003,30.22000000000001,22.68,14.85
2015-11-09,8.0,24.69,77.99,20.42,5.833000000000003,27.920000000000005,22.32,14.98
2015-11-16,10.0,25.43,83.17,22.26,7.0820000000000025,28.67,22.99,17.9
2015-11-23,10.0,26.09,79.4,22.06,5.000000000000003,29.62,23.42,17.68
2015-11-30,13.0,22.020000000000003,74.99,17.229999999999997,8.333000000000002,24.68,19.97,16.3
2015-12-07,5.0,19.96,75.7,15.37,8.334000000000003,22.81,17.830000000000002,17.2
2015-12-14,4.0,18.69,77.95,14.589999999999998,6.667000000000003,21.96,16.189999999999998,14.71
2015-12-21,0.0,17.91,73.55,12.920000000000002,4.583000000000003,20.73,15.95,15.1
2015-12-28,2.0,18.44,81.37,15.0,6.250000000000003,21.22,16.18,12.76
2016-01-04,0.0,17.45,82.28,14.25,6.666000000000002,19.7,15.55,14.2
2016-01-11,0.0,21.52,83.64,18.46,10.001,25.130000000000003,18.89,18.34
2016-01-18,0.0,18.78,84.61,15.96,7.918000000000004,21.020000000000003,16.85,18.64
2016-01-25,0.0,14.93,81.95,11.69,6.666000000000002,16.740000000000002,13.12,19.25
2016-02-01,0.0,11.8,84.84,9.169999999999998,11.249000000000004,13.82,10.12,16.91
2016-02-08,0.0,14.52,73.3,9.25,3.333000000000003,17.29,11.989999999999998,17.380000000000003
2016-02-15,0.0,18.41,70.28999999999999,12.24,0.4170000000000028,24.2,13.74,18.7
2016-02-22,0.0,17.97,69.9,12.03,3.7510000000000026,21.5,14.91,18.25
2016-02-29,2.0,16.45,73.47,11.27,4.167000000000003,19.6,13.5,17.619999999999997
2016-03-07,5.0,19.21,80.83,15.339999999999998,5.8320000000000025,22.91,15.76,16.869999999999997
2016-03-14,5.0,19.34,85.78999999999999,16.68,6.249000000000003,21.35,17.580000000000002,19.64
2016-03-21,0.0,20.03,88.89000000000001,18.0,6.667000000000003,22.04,18.32,15.73
2016-03-28,4.0,20.79,86.46000000000001,18.29,7.499000000000002,22.97,19.14,17.95
2016-04-04,2.0,20.8,88.17,18.68,7.915000000000004,22.82,19.11,16.66
2016-04-11,6.0,24.5,92.48,23.14,8.749000000000002,26.81,22.56,22.04
2016-04-18,3.0,26.02,86.16999999999999,23.41,7.083000000000003,29.02,23.630000000000003,23.55
2016-04-25,5.0,24.87,86.14,22.26,5.833000000000003,27.85,22.26,22.46
2016-05-02,3.0,26.84,85.36,24.03,3.7510000000000026,30.44,24.06,20.77
2016-05-09,8.0,28.56,85.87,25.84,2.9190000000000027,32.510000000000005,25.98,23.2
2016-05-16,16.0,28.08,80.15,24.0,6.668000000000004,31.54,25.22,22.24
2016-05-23,12.0,28.03,76.23,23.08,7.918000000000004,31.879999999999995,24.88,20.95
2016-05-30,15.0,28.1,87.43,25.67,7.917000000000003,31.7,25.610000000000003,20.020000000000003
2016-06-06,10.0,30.73,78.5,26.15,5.834000000000003,35.43,26.98,19.24
2016-06-13,15.0,30.72,78.01,25.99,7.084000000000003,35.7,27.0,19.1
2016-06-20,11.0,31.25,75.33,25.8,3.335000000000003,36.07,27.1,19.99
2016-06-27,6.0,30.3,81.61,26.54,13.334000000000003,34.58,26.7,20.95
2016-07-04,12.0,30.020000000000003,84.26,26.840000000000003,11.668000000000005,33.42999999999999,27.07,19.24
2016-07-11,14.0,30.08,82.0,26.360000000000003,7.501000000000003,33.489999999999995,27.07,18.16
2016-07-18,4.0,30.86,77.32000000000001,26.1,9.168000000000005,34.83,27.18,19.72
2016-07-25,13.0,30.94,73.25,25.22,5.835000000000003,35.620000000000005,26.67,23.18
2016-08-01,11.0,29.880000000000003,76.99,25.03,9.168000000000005,34.010000000000005,26.05,21.44
2016-08-08,15.0,29.97000000000001,78.59,25.55,7.917000000000002,33.87,26.69,16.69
2016-08-15,7.0,29.559999999999995,79.8,25.48,9.167000000000003,33.36,25.98,15.910000000000002
2016-08-22,7.0,27.96,87.55,25.62,11.668000000000005,31.26,25.57,20.44
2016-08-29,3.0,28.75,83.53999999999999,25.45,13.751,32.1,26.03,15.82
2016-09-05,1.0,29.01,81.3,25.24,15.001,33.07,25.68,17.689999999999998
2016-09-12,3.0,28.3,85.79,25.520000000000003,11.667000000000003,31.610000000000003,25.87,14.68
2016-09-19,13.0,28.85,81.22,24.97,8.751000000000003,32.87,25.92,14.8
2016-09-26,5.0,28.84,73.92,23.18,9.584000000000003,33.06,25.51,14.29
2016-10-03,4.0,29.07,73.06,23.17,5.417000000000003,33.3,25.35,15.579999999999998
2016-10-10,3.0,28.81,68.32000000000001,21.76,3.334000000000003,33.1,25.17,14.26
2016-10-17,7.0,27.74,69.65,21.06,4.584000000000003,31.8,24.2,16.09
2016-10-24,3.0,28.23,69.62,21.49,10.417000000000003,32.42999999999999,24.52,17.41
2016-10-31,5.0,26.95,81.62,23.110000000000003,11.666000000000002,30.7,24.1,17.020000000000003
2016-11-07,5.0,23.67,78.42999999999999,19.31,8.333000000000002,26.630000000000003,21.18,16.330000000000002
2016-11-14,4.0,22.25,84.39,19.17,6.666000000000002,25.41,19.19,16.759999999999998
2016-11-21,14.0,25.7,76.30999999999999,20.79,10.835000000000004,29.790000000000003,22.47,13.75
2016-11-28,5.0,22.8,62.64,14.79,12.917000000000002,26.65,19.48,18.34
2016-12-05,3.0,20.59,51.03,9.53,3.334000000000003,24.6,16.9,16.869999999999997
2016-12-12,5.0,21.72,54.9,11.46,2.084000000000003,26.7,17.02,15.04
2016-12-19,4.0,20.57,66.11,13.52,15.417000000000002,24.24,17.490000000000002,15.97
2016-12-26,6.0,21.8,79.84,17.82,11.250000000000004,25.04,18.79,17.05
2017-01-02,7.0,19.71,72.69,14.080000000000002,6.666000000000002,23.22,16.3,16.21
2017-01-09,4.0,21.1,82.91,17.83,4.584000000000003,24.06,18.3,12.73
2017-01-16,1.0,18.68,88.61,16.610000000000003,8.334000000000003,21.14,16.3,16.270000000000003
2017-01-23,1.0,17.04,83.76,14.1,5.833000000000003,19.47,15.15,14.920000000000002
2017-01-30,0.0,19.44,78.77000000000001,15.36,4.166000000000002,23.35,16.25,14.2
2017-02-06,0.0,20.87,85.34,18.11,7.084000000000003,24.3,18.39,15.85
2017-02-13,3.0,18.93,72.42999999999999,13.4,6.250000000000003,22.43,16.7,17.7
2017-02-20,3.0,19.7,74.05,14.47,1.2500000000000029,23.8,16.169999999999998,14.94
2017-02-27,2.0,20.14,74.4,15.07,6.250000000000003,23.34,17.34,19.28
2017-03-06,1.0,19.1,75.98,14.41,4.167000000000003,21.79,16.7,16.54
2017-03-13,1.0,20.29,92.13,18.88,9.582000000000004,23.05,18.37,15.029999999999998
2017-03-20,2.0,22.37,96.69,21.77,9.164000000000003,25.15,20.67,16.41
2017-03-27,7.0,23.5,87.36,21.1,17.916000000000004,26.9,21.21,22.44
2017-04-03,3.0,21.5,82.07000000000001,17.979999999999997,11.668000000000005,24.96,18.65,18.7
2017-04-10,6.0,24.14,88.82000000000001,21.92,2.5000000000000027,27.620000000000005,21.64,19.02
2017-04-17,11.0,25.47,90.16,23.6,4.584000000000002,28.96,23.110000000000003,18.68
2017-04-24,6.0,24.89,89.42999999999999,22.88,8.750000000000004,28.19,22.36,18.04
2017-05-01,12.0,24.47,85.2,21.61,13.750000000000004,27.33,22.110000000000003,15.96
2017-05-08,9.0,27.73,86.97,25.14,6.251000000000003,31.24,25.110000000000003,19.93
2017-05-15,11.0,27.9,86.12,25.160000000000004,11.667000000000003,31.52,24.87,20.35
2017-05-22,6.0,26.35,86.1,23.52,9.584,29.4,23.63,15.36
2017-05-29,7.0,27.76,75.38,22.34,7.084000000000001,31.72,23.87,16.25
2017-06-05,14.0,31.47,65.36999999999999,23.3,1.6670000000000025,36.88,25.95,19.15
2017-06-12,11.0,30.85,76.94,25.6,10.001,35.34,26.85,21.09
2017-06-19,7.0,28.93,89.07,26.8,14.167000000000003,32.190000000000005,26.46,17.86
2017-06-26,12.0,29.31,86.14,26.57,8.334000000000001,33.059999999999995,26.130000000000003,17.29
2017-07-03,14.0,29.22000000000001,88.13000000000001,26.880000000000003,10.833000000000002,32.67,26.53,16.48
2017-07-10,10.0,28.86,89.25,26.79,9.582000000000004,31.84,26.309999999999995,16.05
2017-07-17,11.0,27.99,90.88,26.25,12.083000000000002,31.07,25.6,18.45
2017-07-24,21.0,27.81,91.42,26.130000000000003,13.334000000000003,31.22,25.49,17.869999999999997
2017-07-31,27.0,30.08,82.06,26.3,7.918000000000004,34.78,26.160000000000004,16.380000000000003
2017-08-07,20.0,29.8,86.1,26.92,7.501000000000003,33.75,26.660000000000004,13.91
2017-08-14,14.0,30.78,82.16999999999999,27.03,5.000000000000002,34.35,27.51,15.38
2017-08-21,24.0,28.6,88.45,26.33,9.166000000000002,31.71,25.76,14.289999999999996
2017-08-28,20.0,28.89,85.52000000000001,25.99,8.751000000000001,32.86,25.45,15.55
2017-09-04,21.0,28.6,88.14,26.26,14.583000000000002,32.37,25.8,15.36
2017-09-11,11.0,28.47,89.72,26.51,14.167000000000002,31.91,26.0,14.1
2017-09-18,26.0,28.090000000000003,84.22999999999999,24.95,9.168000000000005,31.84,25.130000000000003,15.739999999999998
2017-09-25,15.0,28.82,82.59,25.27,7.917000000000002,32.83,26.01,14.35
2017-10-02,18.0,28.89,81.61,25.130000000000003,9.582000000000004,32.620000000000005,26.24,14.8
2017-10-09,15.0,27.61,84.92999999999999,24.66,10.417000000000003,31.21,25.2,15.84
2017-10-16,3.0,26.18,80.88,22.34,8.750000000000004,29.309999999999995,23.84,16.110000000000003
2017-10-23,15.0,24.1,71.52000000000001,18.32,4.167000000000002,26.82,21.84,15.28
2017-10-30,17.0,24.98,68.97,18.58,3.334000000000002,28.26,22.39,13.28
2017-11-06,5.0,23.85,64.22,16.23,2.083000000000002,27.99,20.1,15.14
2017-11-13,10.0,23.95,72.11999999999999,18.22,6.667000000000002,27.1,21.21,13.95
2017-11-20,4.0,24.78,78.53999999999999,20.62,8.333000000000002,28.35,21.95,17.91
2017-11-27,6.0,18.57,66.58000000000001,12.11,4.583000000000003,20.82,16.380000000000003,18.94
2017-12-04,3.0,20.360000000000003,69.65,14.47,2.501000000000002,23.5,17.78,13.35
2017-12-11,5.0,19.3,71.1,13.76,2.500000000000002,21.77,17.119999999999997,13.9
2017-12-18,2.0,16.389999999999997,72.77000000000001,11.09,4.999000000000002,18.57,14.66,15.48
2017-12-25,1.0,16.55,55.5,7.13,2.5000000000000027,21.0,12.69,17.7
2018-01-01,1.0,17.22,75.36,12.45,8.334000000000003,20.22,14.37,12.28
2018-01-08,4.0,18.83,86.49,16.4,7.499000000000002,20.75,17.0,15.57
2018-01-15,2.0,16.220000000000002,70.28,10.46,3.333000000000002,18.65,13.85,17.330000000000002
2018-01-22,1.0,18.86,79.42,15.03,6.250000000000002,21.46,16.77,13.57
2018-01-29,2.0,19.41,84.0,16.509999999999998,9.167000000000002,22.25,17.35,20.59
2018-02-05,3.0,13.62,62.11,6.08,3.334000000000002,15.830000000000002,11.74,18.96
2018-02-12,0.0,14.45,57.05,5.62,1.6670000000000025,16.630000000000003,12.38,15.27
2018-02-19,2.0,18.41,78.16,14.41,6.250000000000002,20.83,16.43,15.26
2018-02-26,2.0,19.73,83.83,16.85,10.000000000000002,21.93,17.84,16.660000000000004
2018-03-05,6.0,21.77,84.94,19.02,7.500000000000003,24.79,19.74,17.139999999999997
2018-03-12,5.0,21.96,75.0,16.990000000000002,6.666000000000002,25.51,19.13,20.33
2018-03-19,4.0,21.41,81.96,18.009999999999998,11.250000000000004,24.6,18.71,18.89
2018-03-26,0.0,22.22,76.08000000000001,17.55,4.584000000000002,25.23,19.6,17.410000000000004
2018-04-02,2.0,23.62,77.66,19.34,5.418000000000002,26.74,21.21,15.74
2018-04-09,2.0,23.03,71.03,17.11,2.501000000000002,26.81,19.4,20.21
2018-04-16,4.0,22.5,76.82000000000001,17.85,5.4170000000000025,25.67,19.55,18.26
2018-04-23,3.0,24.38,80.50999999999999,20.660000000000004,5.4170000000000025,28.03,21.78,18.98
2018-04-30,1.0,25.75,85.12,22.950000000000003,5.834000000000001,28.71,23.65,17.130000000000003
2018-05-07,3.0,27.37,83.49,24.1,7.084000000000001,31.1,24.62,16.95
2018-05-14,0.0,28.64,80.35999999999999,24.66,9.167000000000002,33.029999999999994,25.24,22.25
2018-05-21,1.0,29.020000000000003,79.15,24.75,7.085000000000003,34.160000000000004,24.99,23.050000000000004
2018-05-28,18.0,29.440000000000005,76.47999999999999,24.57,10.834000000000003,33.77,25.72,20.74
2018-06-04,6.0,28.64,81.75,24.96,15.833000000000004,32.89,25.36,18.87
2018-06-11,9.0,29.790000000000003,76.55,24.85,11.250000000000004,34.42,26.03,17.6
2018-06-18,6.0,29.559999999999995,79.27,25.31,14.166000000000002,33.54,26.04,19.630000000000003
2018-06-25,4.0,30.51,76.87,25.630000000000003,12.085000000000004,34.3,26.97,17.15
2018-07-02,8.0,30.690000000000005,74.67,25.22,7.918000000000002,34.2,27.15,15.9
2018-07-09,2.0,32.370000000000005,69.0,25.43,5.419000000000002,36.39,28.45,17.97
2018-07-16,7.0,29.1,82.53,25.54,14.166000000000002,32.5,26.110000000000003,15.73
2018-07-23,2.0,28.05,87.13,25.5,19.167,31.29,25.890000000000004,16.35
2018-07-30,5.0,28.3,85.65,25.43,13.335000000000004,31.98,26.01,14.66
2018-08-06,8.0,27.87,89.0,25.72,10.416000000000002,31.52,25.3,14.29
2018-08-13,1.0,28.93,84.65,25.8,7.084000000000003,33.010000000000005,25.76,13.45
2018-08-20,4.0,29.04,85.36,26.04,11.249000000000002,33.04,26.14,16.089999999999996
2018-08-27,3.0,29.39,82.99,25.87,11.668000000000005,34.029999999999994,26.32,16.6
2018-09-03,2.0,27.92,89.65,25.78,12.085000000000004,31.170000000000005,25.73,17.23
2018-09-10,4.0,28.73,79.95,24.58,14.167000000000002,31.94,26.23,16.56
2018-09-17,8.0,28.48,74.64,23.18,13.750000000000004,32.1,25.5,14.84
2018-09-24,10.0,28.559999999999995,79.76,24.28,12.083000000000004,32.56,24.95,14.11
2018-10-01,13.0,27.99,77.45,23.26,5.417000000000003,31.33,25.08,14.97
2018-10-08,10.0,27.2,66.34,19.91,0.4170000000000028,31.47,22.95,13.820000000000002
2018-10-15,10.0,25.94,72.39,20.24,4.584000000000003,29.6,22.39,18.07
2018-10-22,10.0,24.76,84.59,21.75,9.167000000000003,27.74,22.03,17.21
2018-10-29,17.0,25.67,84.07000000000001,22.51,14.168000000000005,29.290000000000003,22.95,16.54
2018-11-05,13.0,24.4,68.09,17.6,1.2500000000000029,28.790000000000003,20.25,15.34
2018-11-12,9.0,24.09,79.77000000000001,20.04,18.749,27.34,21.35,12.830000000000002
2018-11-19,11.0,24.81,87.72,22.44,12.916000000000002,27.83,22.81,15.19
2018-11-26,10.0,22.74,78.14,18.45,11.250000000000004,26.55,19.65,18.17
2018-12-03,5.0,22.77,76.64,18.1,4.167000000000003,27.01,19.28,13.110000000000005
2018-12-10,2.0,22.3,83.07000000000001,19.07,8.750000000000004,26.26,19.8,18.78
2018-12-17,3.0,15.329999999999998,75.78999999999999,10.89,7.084000000000003,18.17,13.36,17.04
2018-12-24,2.0,20.55,74.05,15.52,5.834000000000003,24.33,17.57,15.1
2018-12-31,0.0,18.66,78.91,14.75,14.168,21.91,16.21,18.53
2019-01-07,1.0,14.69,75.9,10.29,5.418000000000003,16.95,12.61,15.48
2019-01-14,1.0,18.07,93.41,16.86,12.083000000000002,20.17,16.35,13.919999999999998
2019-01-21,1.0,17.65,84.77000000000001,14.91,9.167000000000003,19.93,15.8,15.14
2019-01-28,0.0,17.7,79.32,13.84,8.751000000000003,20.630000000000003,15.15,12.669999999999998
2019-02-04,0.0,21.03,81.31,17.46,9.585000000000004,24.62,18.0,16.8
2019-02-11,1.0,23.57,80.56,19.75,9.167000000000003,27.660000000000004,20.45,19.62
2019-02-18,2.0,22.74,87.72,20.41,11.249000000000002,25.9,20.09,20.4
2019-02-25,2.0,21.22,85.22,18.41,10.415000000000004,23.95,19.1,20.75
2019-03-04,1.0,20.47,85.99000000000001,17.869999999999997,9.165000000000004,23.21,18.3,17.55
2019-03-11,0.0,21.7,81.03,18.08,12.500000000000004,24.45,19.58,18.36
2019-03-18,3.0,20.46,80.95,16.79,10.000000000000004,22.83,18.51,15.4
2019-03-25,5.0,21.18,87.77,18.880000000000003,5.833000000000003,23.59,19.15,16.98
2019-04-01,3.0,22.81,82.98,19.6,11.250000000000004,25.72,20.3,17.07
2019-04-08,5.0,24.880000000000003,87.03,22.42,14.166000000000002,27.880000000000003,22.3,17.369999999999997
2019-04-15,3.0,26.95,86.45,24.32,7.0820000000000025,29.98,24.7,18.64
2019-04-22,4.0,27.380000000000003,84.38,24.26,5.8320000000000025,30.97000000000001,24.53,19.23
2019-04-29,1.0,29.05,79.67999999999999,24.9,4.584000000000002,33.34,25.69,22.53
2019-05-06,0.0,25.96,87.24,23.45,9.999000000000004,28.77,23.410000000000004,16.9
2019-05-13,1.0,25.45,88.85,23.35,12.499000000000004,27.62,23.59,14.43
2019-05-20,3.0,30.09,78.22999999999999,25.44,7.500000000000003,34.65,26.48,18.36
2019-05-27,0.0,29.73,74.72,24.43,8.750000000000004,33.85,26.35,18.05
2019-06-03,0.0,27.68,83.95,24.5,7.918000000000004,30.93,24.95,15.9
2019-06-10,2.0,29.45,81.42,25.54,5.418000000000003,33.92,25.85,18.53
2019-06-17,1.0,31.49,75.82000000000001,26.4,7.084000000000003,35.260000000000005,28.0,19.15
2019-06-24,1.0,30.98,78.37,26.45,8.334000000000003,34.77,27.69,19.79
2019-07-01,3.0,31.21,74.91,25.860000000000003,7.501000000000003,35.58,27.73,18.76
2019-07-08,5.0,30.95,76.51,25.89,7.916000000000002,34.98,27.55,18.79
2019-07-15,5.0,31.35,72.35,25.41,4.168000000000004,35.120000000000005,27.45,14.01
2019-07-22,7.0,31.1,76.76,26.2,7.084000000000003,35.22,27.33,16.360000000000003
2019-07-29,6.0,30.110000000000003,78.77000000000001,25.72,9.584000000000003,34.33,27.12,16.55
2019-08-05,7.0,28.660000000000004,84.65,25.58,10.835000000000004,32.03,26.55,19.52
2019-08-12,6.0,29.89,81.69000000000001,26.04,12.916000000000002,33.660000000000004,26.7,17.56
2019-08-19,3.0,30.99,75.55,25.840000000000003,8.335000000000004,35.260000000000005,27.4,15.760000000000002
2019-08-26,6.0,28.640000000000004,83.95,25.46,10.417000000000003,33.010000000000005,25.92,15.29
2019-09-02,7.0,28.6,81.85999999999999,24.98,8.334000000000003,32.84,25.630000000000003,16.6
2019-09-09,2.0,29.53,76.58000000000001,24.7,8.334000000000003,33.559999999999995,26.68,16.3
2019-09-16,10.0,29.4,78.65,25.0,5.835000000000004,33.71,26.28,14.97
2019-09-23,10.0,28.529999999999998,72.49,22.6,3.751000000000003,32.739999999999995,25.03,13.5
2019-09-30,6.0,27.45,63.59000000000001,19.24,0.0,32.46,22.75,13.52
2019-10-07,10.0,27.33,74.7,21.96,9.583000000000002,32.09,23.25,14.919999999999998
2019-10-14,2.0,27.130000000000003,79.34,22.97,16.248,31.070000000000004,24.09,16.54
2019-10-21,12.0,26.21,76.53,21.56,14.165000000000004,29.910000000000004,23.47,16.28
2019-10-28,14.0,25.46,79.69,21.49,12.499000000000002,29.02,22.6,16.66
2019-11-04,8.0,23.08,78.9,18.74,6.667000000000003,26.76,19.97,15.93
2019-11-11,5.0,23.160000000000004,71.49,17.19,1.2500000000000029,27.380000000000003,19.52,13.73
2019-11-18,1.0,23.43,76.41999999999999,18.69,2.5000000000000027,27.65,19.35,15.919999999999998
2019-11-25,3.0,23.16,75.78999999999999,18.410000000000004,2.0840000000000027,27.05,19.82,16.419999999999998
2019-12-02,5.0,22.06,70.58000000000001,16.23,6.251000000000003,25.2,19.5,18.41
2019-12-09,7.0,17.86,54.470000000000006,7.589999999999999,2.917000000000003,22.6,13.73,16.880000000000003
2019-12-16,7.0,17.810000000000002,67.63,10.84,0.4170000000000028,23.84,12.9,12.44
2019-12-23,0.0,20.03,84.59,17.2,12.499000000000002,23.110000000000003,17.64,16.770000000000003
2019-12-30,1.0,18.82,80.8,15.24,8.332000000000003,21.6,16.8,14.830000000000002
2020-01-06,2.0,20.76,79.62,16.96,8.749000000000002,23.67,18.76,15.580000000000002
2020-01-13,5.0,21.28,80.61,17.610000000000003,12.084000000000003,24.79,18.76,19.17
2020-01-20,2.0,17.95,81.96000000000001,14.69,12.918000000000005,20.9,15.52,17.9
2020-01-27,4.0,17.63,81.87,14.3,8.334000000000001,20.56,15.48,17.78
2020-02-03,3.0,16.080000000000002,72.58,10.79,5.001000000000003,18.65,13.580000000000002,16.42
2020-02-10,1.0,16.42,87.77000000000001,14.330000000000002,7.500000000000003,17.93,15.0,14.45
2020-02-17,2.0,19.43,78.77000000000001,15.24,7.083000000000003,22.04,17.65,18.22
2020-02-24,0.0,19.69,70.44,13.54,2.5010000000000026,23.17,17.08,16.21
2020-03-02,0.0,22.5,78.86,18.39,6.668000000000002,26.33,19.3,16.32
2020-03-09,0.0,22.22,82.52000000000001,18.95,10.001000000000005,25.68,19.6,18.37
2020-03-16,0.0,22.99,79.17,18.94,8.750000000000004,25.87,20.770000000000003,15.01
2020-03-23,0.0,21.83,85.39,19.18,11.248000000000005,24.07,20.17,16.36
2020-03-30,0.0,24.94,83.15,21.770000000000003,15.417000000000003,28.02,22.62,21.65
2020-04-06,0.0,20.48,85.13,17.82,11.250000000000002,22.65,18.54,18.270000000000003
2020-04-13,0.0,20.33,80.97999999999999,16.86,8.333000000000002,23.16,18.08,15.329999999999998
2020-04-20,0.0,22.97,81.09,19.43,7.084000000000003,26.43,20.15,17.759999999999998
2020-04-27,0.0,23.130000000000003,81.63000000000001,19.660000000000004,6.667000000000003,26.16,20.55,17.7
2020-05-04,0.0,24.68,75.84,19.78,4.583000000000003,28.87,21.15,15.12
2020-05-11,0.0,28.81,79.03999999999999,24.65,1.667000000000003,33.1,25.55,20.83
2020-05-18,0.0,28.62,77.22,24.06,9.584000000000003,32.87,24.56,21.05
2020-05-25,0.0,30.15,74.36,24.77,9.584,34.28,25.82,19.07
2020-06-01,0.0,29.33,74.23,23.97,6.251000000000003,33.59,25.57,17.56
2020-06-08,0.0,31.53,67.67999999999999,24.36,3.334000000000003,36.56,27.4,18.14
2020-06-15,0.0,30.64,70.85999999999999,24.25,5.000000000000003,35.62,26.4,20.91
2020-06-22,0.0,30.6,72.35,24.74,11.667000000000003,34.79,27.3,22.05
2020-06-29,0.0,32.209999999999994,65.6,24.520000000000003,3.7520000000000016,36.99,28.55,22.33
2020-07-06,0.0,30.840000000000003,72.16999999999999,25.0,8.751000000000003,34.870000000000005,27.75,21.2
2020-07-13,0.0,31.52,67.24,24.35,5.833000000000003,35.15,28.25,20.82
2020-07-20,0.0,31.57,66.67999999999999,24.23,6.668000000000004,35.720000000000006,28.1,20.58
2020-07-27,0.0,30.75,70.58,24.43,8.334000000000003,35.17,27.1,20.69
2020-08-03,0.0,29.37,75.96000000000001,24.43,14.583000000000002,33.39,26.4,19.630000000000003
2020-08-10,0.0,28.35,82.41,24.89,11.667000000000002,31.360000000000003,26.08,18.11
2020-08-17,0.0,28.590000000000003,80.39000000000001,24.69,7.500000000000003,32.46,25.72,19.87
2020-08-24,0.0,28.02,80.61,24.2,9.167000000000002,31.770000000000003,25.46,16.46
2020-08-31,0.0,30.5,73.27000000000001,24.87,10.001000000000005,34.96,27.02,15.98
2020-09-07,0.0,30.58,72.6,24.82,15.417000000000003,34.64,27.15,15.639999999999995
2020-09-14,0.0,29.01,79.22,24.83,18.750000000000004,32.86,25.95,16.6
2020-09-21,0.0,28.17,78.75,23.92,16.250000000000004,31.59,25.55,17.96
2020-09-28,3.0,26.92,82.02000000000001,23.47,10.833000000000002,29.99,24.4,17.029999999999998
2020-10-05,7.0,28.04,80.85,24.24,7.915000000000004,31.76,25.24,16.110000000000003
2020-10-12,13.0,25.57,69.47999999999999,19.32,4.583000000000003,29.25,22.85,19.18
2020-10-19,16.0,23.93,67.85999999999999,17.31,7.916000000000002,26.49,21.72,21.3
2020-10-26,12.0,22.77,62.45,14.64,3.750000000000002,25.82,19.79,17.970000000000002
2020-11-02,16.0,23.21,78.12,18.83,6.251000000000003,26.39,20.770000000000003,14.76
2020-11-09,12.0,23.52,67.67999999999999,16.700000000000003,2.0840000000000027,26.83,21.01,14.910000000000002
2020-11-16,11.0,22.71,60.71,13.59,3.334000000000003,26.52,19.01,16.29
2020-11-23,10.0,23.84,81.31,20.01,10.834000000000003,26.93,21.3,15.74
2020-11-30,7.0,23.4,70.4,17.4,12.499000000000002,26.48,20.75,17.61
2020-12-07,4.0,18.44,57.94,9.75,1.2500000000000029,21.71,15.61,18.08
2020-12-14,5.0,19.53,69.28,13.38,2.0840000000000027,23.99,15.669999999999998,16.04
2020-12-21,3.0,16.639999999999997,64.12,9.38,5.835000000000003,19.69,14.26,19.07
2020-12-28,4.0,18.13,61.99,10.15,2.083000000000003,20.6,15.93,14.66
2021-01-04,0.0,17.490000000000002,61.96,9.16,3.749000000000003,21.33,13.960000000000004,15.720000000000002
2021-01-11,0.0,13.91,52.69,3.9,2.917000000000003,16.75,11.33,15.25
2021-01-18,0.0,14.5,53.1,4.19,1.2500000000000029,17.83,11.17,15.48
2021-01-25,0.0,17.54,71.0,11.830000000000002,2.083000000000003,21.04,14.19,13.830000000000002
2021-02-01,0.0,19.4,76.82000000000001,15.01,5.834000000000002,22.2,16.79,15.760000000000002
2021-02-08,0.0,20.08,78.27,15.93,5.001000000000003,23.49,17.15,14.830000000000002
2021-02-15,0.0,19.630000000000003,74.55,14.579999999999998,2.917000000000003,23.26,16.25,15.94
2021-02-22,0.0,20.64,70.54,14.73,3.750000000000002,23.83,17.8,15.61
2021-03-01,0.0,21.26,77.74,16.85,3.750000000000002,24.57,18.630000000000003,17.44
2021-03-08,0.0,19.860000000000003,84.85,17.01,7.083000000000003,22.04,18.03,16.3
2021-03-15,0.0,23.32,83.55,20.16,9.168000000000005,26.130000000000003,21.130000000000003,18.82
2021-03-22,0.0,23.03,82.0,19.48,8.332000000000003,25.130000000000003,21.08,19.22
2021-03-29,0.0,21.72,80.75,17.759999999999998,6.250000000000003,23.92,19.9,16.7
2021-04-05,0.0,24.82,92.85,23.53,8.749000000000002,27.3,23.19,15.88
2021-04-12,0.0,24.14,87.38,21.76,10.000000000000004,27.51,21.79,18.55
2021-04-19,0.0,24.73,87.67999999999999,22.39,12.084000000000003,27.610000000000003,22.41,17.8
2021-04-26,0.0,26.35,87.3,23.92,11.667000000000003,29.49,24.03,19.09
2021-05-03,0.0,25.79,83.75,22.6,9.583000000000002,29.190000000000005,23.02,17.83
2021-05-10,0.0,27.8,82.21000000000001,24.21,6.250000000000003,31.87,24.770000000000003,20.200000000000003
2021-05-17,0.0,29.26,81.71,25.56,4.585000000000003,33.84,25.79,22.54
2021-05-24,0.0,30.18,79.83,26.09,5.001000000000003,34.04,27.34,23.2
2021-05-31,0.0,30.17,76.88000000000001,25.2,6.668000000000004,34.37,26.86,21.1
2021-06-07,0.0,31.39,69.09,24.35,6.251000000000003,36.35,27.67,18.74
2021-06-14,0.0,28.73,80.09,24.62,12.084000000000003,33.129999999999995,26.110000000000003,15.610000000000005
2021-06-21,0.0,31.98,67.21000000000001,24.23,4.167000000000003,36.52,27.880000000000003,17.92
2021-06-28,0.0,31.71,67.26,24.06,5.834000000000003,36.29,27.24,15.910000000000002
2021-07-05,0.0,32.14,63.69,23.87,3.7510000000000026,36.18,28.34,16.66
2021-07-12,0.0,30.33,75.2,24.99,7.916000000000002,34.07,26.95,16.9
2021-07-19,0.0,30.29,74.38000000000001,24.72,10.001000000000005,34.480000000000004,26.57,18.91
2021-07-26,0.0,29.14,82.56,25.47,12.502000000000004,33.67,26.08,18.7
2021-08-02,0.0,30.49,78.39000000000001,25.880000000000003,6.251000000000003,35.42999999999999,27.02,15.72
2021-08-09,0.0,31.66,75.69000000000001,26.24,2.9160000000000026,35.9,27.7,14.79
2021-08-16,0.0,29.51,84.91999999999999,26.35,11.250000000000004,33.71,26.06,16.66
2021-08-23,0.0,29.92,82.53999999999999,26.26,9.167000000000003,34.22,26.1,19.06
2021-08-30,0.0,29.3,85.03999999999999,26.26,12.499000000000002,33.08,26.09,19.09
2021-09-06,0.0,29.0,81.63,25.15,7.918000000000004,33.1,25.53,16.45
2021-09-13,0.0,28.9,82.96000000000001,25.34,5.833000000000003,33.45,25.28,17.58
2021-09-20,0.0,28.58,84.67,25.38,4.999000000000002,32.720000000000006,25.34,16.07
2021-09-27,0.0,27.81,85.82,24.87,9.167000000000003,32.11,24.57,15.94
2021-10-04,0.0,27.97,85.03999999999999,24.82,11.668000000000005,32.48,24.9,16.48
2021-10-11,0.0,27.4,83.36,23.78,14.584000000000003,30.95,24.8,16.84
2021-10-18,0.0,22.94,86.27000000000001,20.19,14.167000000000003,25.01,21.19,18.9
2021-10-25,0.0,21.76,81.34,18.009999999999998,7.500000000000003,25.0,19.29,17.63
2021-11-01,0.0,21.9,83.47999999999999,18.41,6.667000000000003,24.85,19.380000000000003,13.18
2021-11-08,0.0,23.31,89.45,21.29,6.250000000000003,26.23,21.18,16.490000000000002
2021-11-15,0.0,22.12,66.02,14.829999999999998,1.2500000000000029,26.0,19.18,16.57
2021-11-22,0.0,21.71,75.67999999999999,16.880000000000003,2.917000000000003,24.96,19.17,15.37
2021-11-29,0.0,20.78,71.28,14.95,3.333000000000003,25.1,17.77,14.85
2021-12-06,0.0,19.27,65.5,11.73,0.0,25.15,14.670000000000002,12.66
2021-12-13,0.0,19.08,72.22,13.36,2.917000000000003,24.01,14.55,13.21
2021-12-20,0.0,19.78,70.76,13.86,0.8340000000000029,23.4,16.39,15.79
2021-12-27,0.0,18.67,68.88000000000001,12.5,6.667000000000003,22.08,15.68,17.23
2022-01-03,0.0,16.29,77.36999999999999,12.22,7.500000000000003,18.8,14.07,15.4
2022-01-10,0.0,18.25,81.56,14.87,11.249000000000002,21.22,15.689999999999998,16.369999999999997
2022-01-17,0.0,16.85,81.67999999999999,13.55,7.500000000000003,19.110000000000003,14.87,16.9
2022-01-24,0.0,18.14,84.66999999999999,15.32,7.084000000000003,21.23,15.8,16.15
2022-01-31,0.0,19.02,85.72,16.47,7.501000000000003,21.91,16.79,19.31
2022-02-07,0.0,14.19,76.81,9.97,4.167000000000003,16.380000000000003,12.3,16.43
2022-02-14,0.0,14.88,86.55,12.49,9.167000000000003,16.880000000000003,13.1,15.389999999999995
2022-02-21,0.0,15.05,86.3,12.68,9.584000000000003,17.35,13.28,17.16
2022-02-28,0.0,14.36,72.37,9.16,3.751000000000003,18.05,11.12,17.410000000000004
2022-03-07,0.0,20.7,82.01,17.310000000000002,4.583000000000003,23.53,17.979999999999997,14.95
2022-03-14,0.0,21.65,83.28999999999999,18.46,5.417000000000003,24.45,19.28,17.46
2022-03-21,0.0,24.06,85.59,21.42,6.251000000000003,26.6,22.14,17.85
2022-03-28,0.0,23.19,84.22999999999999,20.25,5.417000000000003,26.8,20.46,20.360000000000003
2022-04-04,0.0,21.57,74.41,16.37,5.001000000000003,25.06,18.16,20.18
2022-04-11,0.0,23.02,65.05,15.48,2.5000000000000027,27.49,18.630000000000003,15.960000000000004
2022-04-18,0.0,23.79,81.15,20.11,10.833000000000002,27.1,20.8,18.7
2022-04-25,0.0,23.42,82.09,20.01,8.334000000000003,26.59,20.7,19.3
2022-05-02,0.0,26.76,79.52000000000001,22.61,5.418000000000003,29.85,24.39,21.24
2022-05-09,0.0,25.74,69.71000000000001,19.24,3.7490000000000014,29.74,22.08,19.82
2022-05-16,0.0,26.45,82.24,23.05,8.331000000000003,29.57,24.15,18.98
2022-05-23,0.0,25.07,79.7,21.07,10.416000000000002,27.42,22.85,16.990000000000002
2022-05-30,0.0,26.76,88.21,24.56,10.000000000000004,29.95,24.48,19.07
2022-06-06,0.0,29.360000000000003,81.28,25.55,5.4170000000000025,33.84,25.78,18.69
2022-06-13,0.0,29.62,80.32,25.62,6.251000000000003,33.61,26.17,14.74
2022-06-20,0.0,30.68,73.28,24.86,4.584000000000003,34.51,26.660000000000004,15.74
2022-06-27,1.0,31.59,69.57000000000001,24.87,2.085000000000003,35.95,27.25,19.72
2022-07-04,6.0,30.74,74.85,25.44,6.668000000000004,35.25,27.02,18.12
2022-07-11,12.0,29.45,80.78,25.56,7.917000000000003,33.660000000000004,25.97,16.15
2022-07-18,16.0,30.0,80.53999999999999,26.12,8.750000000000004,33.65,26.790000000000003,16.630000000000003
2022-07-25,11.0,30.059999999999995,79.79,25.94,5.418000000000003,34.06,26.630000000000003,18.15
2022-08-01,1.0,30.26,76.45,25.38,3.334000000000003,34.67,26.39,17.64
2022-08-08,1.0,29.24,80.11999999999999,25.24,7.500000000000003,33.379999999999995,26.02,17.4
2022-08-15,2.0,27.910000000000004,84.55,24.91,10.418000000000005,31.610000000000003,25.19,15.25
2022-08-22,2.0,29.320000000000004,81.75,25.660000000000004,11.252000000000004,33.18,25.97,17.29
2022-08-29,1.0,29.15,83.23,25.83,10.418000000000005,33.15,25.92,18.23
2022-09-05,6.0,29.87,76.25,24.97,5.834000000000003,33.97,26.35,15.82
2022-09-12,5.0,28.630000000000003,76.84,23.81,10.001,32.660000000000004,25.62,14.3
2022-09-19,6.0,29.17,77.63,24.62,7.502000000000002,33.17,25.96,12.58
2022-09-26,7.0,28.0,79.83,24.01,4.586000000000003,32.06,25.14,14.919999999999998
2022-10-03,2.0,27.0,82.09,23.54,40.834,30.54,24.67,15.76
2022-10-10,3.0,26.56,79.97,22.57,22.917,30.28,24.14,18.23
2022-10-17,4.0,25.31,61.08,16.44,2.5000000000000027,29.75,21.39,17.57
2022-10-24,3.0,24.43,66.58,16.78,4.583000000000003,28.9,20.25,15.3
2022-10-31,5.0,26.15,73.33,20.58,3.334000000000003,30.52,22.49,12.51
2022-11-07,2.0,24.41,66.15,17.05,0.4170000000000028,29.41,19.89,14.320000000000002
2022-11-14,1.0,24.75,76.74,20.07,4.583000000000003,28.76,21.09,12.919999999999998
2022-11-21,4.0,26.1,79.59,22.08,10.417000000000003,29.630000000000003,23.3,14.68
2022-11-28,4.0,25.28,81.89000000000001,21.79,7.085000000000004,28.23,22.98,13.97
2022-12-05,4.0,21.37,78.65,17.36,5.418000000000004,24.58,18.45,19.85
2022-12-12,6.0,17.2,72.42999999999999,11.95,2.917000000000003,19.21,15.310000000000002,15.27
2022-12-19,6.0,17.509999999999998,55.77,7.519999999999999,1.667000000000003,21.35,13.820000000000002,15.59
2022-12-26,6.0,17.83,52.08,6.88,0.8330000000000028,22.14,13.4,15.580000000000002
2023-01-02,11.0,16.71,68.41,10.55,2.916000000000003,19.77,13.74,14.89
2023-01-09,8.0,18.37,67.0,11.83,1.2500000000000029,21.59,15.15,14.830000000000002
2023-01-16,5.0,19.83,73.02000000000001,14.41,3.334000000000003,23.49,16.61,16.3
2023-01-23,2.0,17.11,66.53999999999999,10.51,2.084000000000003,20.26,14.35,17.229999999999997
2023-01-30,9.0,16.14,61.09,7.75,3.334000000000003,20.39,11.88,17.59
2023-02-06,14.0,18.25,75.13,12.85,6.250000000000003,21.93,15.01,15.73
2023-02-13,16.0,22.05,92.18,20.67,7.500000000000003,23.98,20.67,18.7
2023-02-20,27.0,20.48,75.72999999999999,15.87,2.9170000000000025,23.08,18.56,17.330000000000002
2023-02-27,18.0,19.85,69.27000000000001,13.6,0.8340000000000029,23.18,16.94,16.09
2023-03-06,14.0,19.99,68.23,13.410000000000002,1.2510000000000028,24.18,15.94,15.65
2023-03-13,15.0,21.76,74.01,16.66,2.9170000000000025,25.42,18.87,20.35
2023-03-20,18.0,22.61,78.54,18.49,5.833000000000003,25.55,20.11,19.92
2023-03-27,13.0,24.29,82.61,21.03,6.666000000000002,27.380000000000003,22.06,19.87
2023-04-03,17.0,21.17,85.59,18.58,10.418000000000005,23.33,19.08,15.21
2023-04-10,15.0,23.69,82.88,20.410000000000004,9.584000000000003,26.360000000000003,21.61,16.32
2023-04-17,5.0,23.29,88.13,21.110000000000003,8.750000000000004,25.55,21.47,15.04
2023-04-24,8.0,27.32,83.45,24.160000000000004,6.668000000000004,30.790000000000003,24.97,18.91
2023-05-01,1.0,25.57,79.29,21.52,6.250000000000003,29.410000000000004,22.7,19.66
2023-05-08,1.0,27.5,79.02,23.32,6.250000000000004,31.99,24.19,20.68
2023-05-15,5.0,26.47,80.24000000000001,22.57,7.918000000000004,30.33,23.42,19.99
2023-05-22,1.0,29.36,74.85999999999999,23.98,3.3340000000000023,34.42,25.27,19.660000000000004
2023-05-29,1.0,29.98,80.37,26.01,5.417000000000003,34.5,26.55,21.130000000000003
2023-06-05,0.0,30.85,74.8,25.51,6.667000000000003,35.739999999999995,26.86,20.92
2023-06-12,0.0,30.39,75.95,25.36,13.334000000000003,35.2,26.74,20.53
2023-06-19,0.0,29.96,79.76,25.82,12.083000000000004,34.0,26.48,17.69
2023-06-26,1.0,28.47000000000001,84.97999999999999,25.56,10.833000000000002,32.17,25.37,18.57
2023-07-03,1.0,29.379999999999995,83.46000000000001,26.130000000000003,9.167000000000003,33.13,26.7,18.73
2023-07-10,4.0,30.860000000000003,77.14,26.15,6.252000000000002,35.69,26.97,22.03
2023-07-17,1.0,31.17,72.99,25.410000000000004,3.7520000000000016,35.83,26.85,22.04
2023-07-24,3.0,30.15,75.45,24.95,8.752000000000002,33.739999999999995,26.67,15.19
2023-07-31,1.0,30.92,75.05,25.630000000000003,3.7510000000000026,35.15,27.2,17.779999999999998
2023-08-07,4.0,28.55,86.38000000000001,25.89,13.750000000000004,32.32,26.3,16.96
2023-08-14,4.0,28.78,84.72,25.78,13.751,32.78,26.1,15.36
2023-08-21,3.0,29.22,83.72,26.0,11.251000000000005,33.34,25.8,16.389999999999997
2023-08-28,6.0,29.07,84.67,26.04,12.917000000000002,33.01,25.4,19.1
2023-09-04,5.0,29.160000000000004,74.02000000000001,23.61,4.168000000000003,33.08,25.4,18.32
2023-09-11,9.0,29.25,78.05999999999999,24.71,5.835000000000003,33.6,26.05,16.119999999999997
2023-09-18,7.0,27.45,86.85,24.94,9.584000000000003,30.73,25.4,15.04
2023-09-25,9.0,29.190000000000005,80.3,25.19,8.751000000000003,33.660000000000004,26.11,17.229999999999997
2023-10-02,3.0,28.22,82.5,24.68,7.918000000000004,32.05,25.41,15.03
2023-10-09,3.0,29.0,74.19,23.57,2.085000000000003,32.93,25.58,15.46
2023-10-16,9.0,26.22,70.18,20.06,2.5020000000000038,29.48,23.56,18.31
2023-10-23,19.0,26.56,66.84,19.49,1.2510000000000028,30.4,23.18,15.49
2023-10-30,3.0,26.34,71.91,20.49,5.000000000000003,29.610000000000003,23.6,14.18
2023-11-06,7.0,26.18,78.28999999999999,21.78,9.582000000000004,29.94,23.03,15.81
2023-11-13,17.0,26.03,81.95,22.49,10.001000000000005,30.33,22.98,17.55
2023-11-20,26.0,21.35,69.58999999999999,14.94,3.7510000000000026,25.78,17.64,16.589999999999996
2023-11-27,31.0,22.12,71.66,16.17,1.667000000000003,27.01,17.71,10.84
2023-12-04,26.0,21.37,79.66,17.39,2.917000000000003,24.55,18.61,13.279999999999998
2023-12-11,30.0,20.79,81.96000000000001,17.380000000000003,2.917000000000003,23.61,18.4,14.35
2023-12-18,28.0,22.0,81.8,18.61,7.085000000000004,25.25,19.27,17.48
2023-12-25,39.0,15.239999999999998,57.66,6.23,2.0840000000000027,18.99,12.27,18.98
2024-01-01,37.0,18.55,64.55,10.92,3.333000000000003,23.1,14.52,12.86
2024-01-08,16.0,21.55,79.45,17.689999999999998,9.584000000000003,24.83,19.01,15.79
2024-01-15,14.0,20.37,88.43,18.28,12.500000000000004,22.51,18.68,14.11
2024-01-22,10.0,19.64,87.86999999999999,17.47,9.167000000000003,22.35,17.5,16.75
2024-01-29,3.0,13.13,75.03999999999999,8.66,6.667000000000003,15.37,11.19,17.41
2024-02-05,1.0,17.81,86.44000000000001,15.44,10.000000000000004,20.53,15.88,16.18
2024-02-12,4.0,18.97,78.13000000000001,14.639999999999995,6.667000000000003,22.28,16.169999999999998,19.3
2024-02-19,1.0,20.9,77.81,16.49,3.333000000000003,24.68,17.669999999999998,17.380000000000003
2024-02-26,1.0,20.03,90.19,18.32,5.000000000000003,22.56,17.98,19.84
2024-03-04,3.0,14.49,83.46,11.56,7.500000000000003,16.43,12.78,16.99
2024-03-11,,19.24,78.41,15.13,3.333000000000003,22.36,16.740000000000002,15.16
