datetime,temp,humidity
2009-01-05,16.32857142857143,62.84285714285714
2009-01-12,15.271428571428572,62.34285714285714
2009-01-19,17.014285714285712,75.5
2009-01-26,15.22857142857143,73.84285714285714
2009-02-02,20.0,80.77142857142857
2009-02-09,23.099999999999998,75.95714285714287
2009-02-16,23.214285714285715,82.35714285714286
2009-02-23,22.885714285714283,86.77142857142857
2009-03-02,16.97142857142857,79.2
2009-03-09,19.842857142857145,75.18571428571428
2009-03-16,23.314285714285713,84.05714285714285
2009-03-23,24.442857142857143,80.52857142857144
2009-03-30,20.442857142857143,83.78571428571429
2009-04-06,23.3,78.54285714285713
2009-04-13,27.057142857142857,80.24285714285715
2009-04-20,27.099999999999998,70.94285714285715
2009-04-27,24.75714285714286,78.04285714285713
2009-05-04,25.542857142857144,82.48571428571428
2009-05-11,27.442857142857143,82.0
2009-05-18,27.728571428571428,77.65714285714286
2009-05-25,28.071428571428573,74.77142857142857
2009-06-01,28.485714285714288,75.62857142857142
2009-06-08,31.085714285714285,68.31428571428572
2009-06-15,30.414285714285715,74.04285714285713
2009-06-22,30.17142857142857,74.31428571428572
2009-06-29,29.314285714285713,75.25714285714285
2009-07-06,29.428571428571427,75.11428571428571
2009-07-13,29.3,78.42857142857143
2009-07-20,29.52857142857143,78.24285714285715
2009-07-27,29.685714285714287,78.85714285714286
2009-08-03,31.085714285714285,72.3
2009-08-10,29.0,78.32857142857142
2009-08-17,29.485714285714288,77.5
2009-08-24,30.385714285714283,73.42857142857143
2009-08-31,29.67142857142857,72.44285714285715
2009-09-07,29.914285714285715,73.02857142857142
2009-09-14,29.485714285714288,79.15714285714286
2009-09-21,27.642857142857142,79.2
2009-09-28,27.857142857142858,70.94285714285715
2009-10-05,27.957142857142856,70.48571428571428
2009-10-12,25.442857142857143,80.27142857142857
2009-10-19,26.242857142857144,76.98571428571428
2009-10-26,26.042857142857144,80.51428571428572
2009-11-02,23.67142857142857,62.44285714285714
2009-11-09,24.728571428571428,73.55714285714285
2009-11-16,16.557142857142857,52.128571428571426
2009-11-23,21.400000000000002,78.45714285714287
2009-11-30,20.385714285714283,71.3
2009-12-07,22.985714285714288,81.95714285714287
2009-12-14,18.257142857142856,66.21428571428571
2009-12-21,19.285714285714285,76.47142857142856
2009-12-28,17.314285714285713,85.28571428571429
2010-01-04,18.62857142857143,83.34285714285714
2010-01-11,15.885714285714286,65.47142857142858
2010-01-18,17.942857142857143,87.55714285714285
2010-01-25,19.52857142857143,86.7
2010-02-01,24.385714285714283,86.2
2010-02-08,21.885714285714283,81.2
2010-02-15,14.014285714285714,73.58571428571429
2010-02-22,22.657142857142855,83.39999999999999
2010-03-01,24.900000000000002,83.14285714285714
2010-03-08,17.557142857142857,73.60000000000001
2010-03-15,21.75714285714286,87.45714285714287
2010-03-22,22.185714285714287,72.81428571428572
2010-03-29,22.099999999999998,89.18571428571428
2010-04-05,23.385714285714283,90.51428571428572
2010-04-12,21.685714285714287,88.17142857142858
2010-04-19,24.657142857142855,81.48571428571428
2010-04-26,24.357142857142858,83.17142857142858
2010-05-03,28.37142857142857,84.42857142857143
2010-05-10,27.400000000000002,84.58571428571429
2010-05-17,30.214285714285715,78.3
2010-05-24,28.157142857142855,84.07142857142857
2010-05-31,28.457142857142856,74.95714285714287
2010-06-07,29.714285714285715,81.47142857142856
2010-06-14,32.74285714285715,71.25714285714285
2010-06-21,29.942857142857143,81.74285714285715
2010-06-28,30.728571428571428,78.44285714285715
2010-07-05,32.8,68.11428571428571
2010-07-12,29.285714285714285,80.47142857142856
2010-07-19,28.74285714285714,85.57142857142857
2010-07-26,29.885714285714283,80.82857142857142
2010-08-02,28.914285714285715,82.07142857142857
2010-08-09,28.8,85.85714285714286
2010-08-16,28.228571428571428,85.84285714285714
2010-08-23,26.32857142857143,90.24285714285715
2010-08-30,29.74285714285714,79.08571428571429
2010-09-06,28.785714285714285,83.0
2010-09-13,27.814285714285713,83.18571428571428
2010-09-20,27.428571428571427,84.5
2010-09-27,28.099999999999998,79.02857142857144
2010-10-04,27.071428571428573,65.32857142857144
2010-10-11,26.514285714285712,83.52857142857144
2010-10-18,25.228571428571428,74.14285714285714
2010-10-25,21.67142857142857,66.38571428571429
2010-11-01,21.085714285714285,67.72857142857143
2010-11-08,22.614285714285717,67.62857142857142
2010-11-15,22.342857142857145,75.47142857142856
2010-11-22,20.728571428571428,80.87142857142858
2010-11-29,20.62857142857143,76.87142857142858
2010-12-06,20.685714285714287,78.21428571428571
2010-12-13,17.714285714285715,80.5
2010-12-20,18.82857142857143,82.37142857142858
2010-12-27,17.428571428571427,78.44285714285715
2011-01-03,12.428571428571429,78.74285714285715
2011-01-10,12.028571428571428,66.77142857142857
2011-01-17,11.771428571428572,75.58571428571429
2011-01-24,12.614285714285714,69.91428571428571
2011-01-31,16.17142857142857,73.37142857142858
2011-02-07,19.014285714285712,82.55714285714285
2011-02-14,15.228571428571428,83.65714285714286
2011-02-21,19.385714285714283,90.4
2011-02-28,18.428571428571427,92.12857142857142
2011-03-07,17.557142857142857,83.41428571428571
2011-03-14,14.742857142857144,94.25714285714285
2011-03-21,17.62857142857143,73.55714285714285
2011-03-28,18.985714285714288,80.58571428571429
2011-04-04,21.514285714285712,92.08571428571429
2011-04-11,24.17142857142857,87.38571428571429
2011-04-18,24.52857142857143,81.52857142857144
2011-04-25,25.642857142857142,87.18571428571428
2011-05-02,26.099999999999998,89.94285714285715
2011-05-09,27.54285714285714,86.88571428571429
2011-05-16,26.314285714285713,85.24285714285715
2011-05-23,26.17142857142857,77.75714285714285
2011-05-30,29.02857142857143,81.94285714285715
2011-06-06,29.357142857142858,84.24285714285715
2011-06-13,28.8,86.57142857142857
2011-06-20,29.057142857142853,87.35714285714286
2011-06-27,28.585714285714285,85.38571428571429
2011-07-04,30.32857142857143,81.88571428571429
2011-07-11,28.714285714285715,87.57142857142857
2011-07-18,29.514285714285712,84.12857142857142
2011-07-25,30.099999999999998,79.64285714285714
2011-08-01,28.814285714285713,85.88571428571429
2011-08-08,28.385714285714283,88.61428571428571
2011-08-15,27.8,86.52857142857144
2011-08-22,28.97142857142857,80.2
2011-08-29,29.87142857142857,80.11428571428571
2011-09-05,28.3,87.11428571428571
2011-09-12,27.47142857142857,88.64285714285714
2011-09-19,26.614285714285717,78.58571428571429
2011-09-26,25.057142857142857,86.71428571428571
2011-10-03,22.342857142857145,87.84285714285714
2011-10-10,26.67142857142857,81.47142857142856
2011-10-17,25.47142857142857,77.5
2011-10-24,23.485714285714288,84.67142857142858
2011-10-31,25.042857142857144,82.35714285714286
2011-11-07,23.428571428571427,75.98571428571428
2011-11-14,23.728571428571428,82.05714285714285
2011-11-21,22.342857142857145,82.52857142857144
2011-11-28,19.957142857142856,81.8
2011-12-05,17.9,74.34285714285714
2011-12-12,17.228571428571428,66.27142857142857
2011-12-19,17.085714285714285,68.8
2011-12-26,16.099999999999998,71.1
2012-01-02,12.357142857142858,83.12857142857142
2012-01-09,15.642857142857142,80.68571428571428
2012-01-16,18.04285714285714,86.38571428571429
2012-01-23,12.357142857142858,78.37142857142858
2012-01-30,14.485714285714286,81.88571428571429
2012-02-06,15.514285714285714,79.10000000000001
2012-02-13,15.742857142857144,80.51428571428572
2012-02-20,19.228571428571428,78.39999999999999
2012-02-27,15.671428571428573,86.32857142857142
2012-03-05,19.87142857142857,79.75714285714285
2012-03-12,18.571428571428573,84.22857142857143
2012-03-19,22.25714285714286,76.0
2012-03-26,21.985714285714288,72.67142857142856
2012-04-02,23.12857142857143,81.82857142857142
2012-04-09,25.47142857142857,81.68571428571428
2012-04-16,27.157142857142855,77.89999999999999
2012-04-23,28.057142857142857,71.74285714285715
2012-04-30,30.214285714285715,71.68571428571428
2012-05-07,29.042857142857144,79.01428571428572
2012-05-14,29.014285714285712,73.89999999999999
2012-05-21,26.728571428571428,84.68571428571428
2012-05-28,27.957142857142856,77.87142857142858
2012-06-04,29.928571428571427,78.34285714285714
2012-06-11,30.714285714285715,70.9857142857143
2012-06-18,29.5,75.77142857142857
2012-06-25,29.457142857142856,75.51428571428572
2012-07-02,28.12857142857143,80.2
2012-07-09,30.514285714285712,74.27142857142857
2012-07-16,30.557142857142857,72.98571428571428
2012-07-23,27.685714285714287,82.55714285714285
2012-07-30,29.97142857142857,73.18571428571428
2012-08-06,27.7,81.72857142857143
2012-08-13,28.057142857142857,81.14285714285714
2012-08-20,28.857142857142858,74.44285714285715
2012-08-27,30.12857142857143,73.72857142857143
2012-09-03,27.285714285714285,79.88571428571429
2012-09-10,26.842857142857145,71.14285714285714
2012-09-17,27.414285714285715,74.0
2012-09-24,27.728571428571428,71.0
2012-10-01,26.042857142857144,74.08571428571429
2012-10-08,27.0,71.54285714285714
2012-10-15,26.62857142857143,70.91428571428571
2012-10-22,26.285714285714285,72.67142857142856
2012-10-29,24.02857142857143,64.3
2012-11-05,25.3,76.51428571428572
2012-11-12,23.2,71.22857142857143
2012-11-19,23.885714285714283,75.89999999999999
2012-11-26,18.614285714285717,83.97142857142856
2012-12-03,18.228571428571428,75.51428571428572
2012-12-10,20.942857142857143,78.39999999999999
2012-12-17,19.171428571428574,72.71428571428571
2012-12-24,16.314285714285713,72.12857142857143
2012-12-31,12.342857142857143,70.52857142857142
2013-01-07,12.642857142857142,68.08571428571429
2013-01-14,15.228571428571428,81.72857142857143
2013-01-21,18.485714285714288,76.34285714285714
2013-01-28,20.17142857142857,80.57142857142857
2013-02-04,20.75714285714286,76.51428571428572
2013-02-11,17.442857142857143,83.74285714285715
2013-02-18,18.414285714285715,80.62857142857142
2013-02-25,22.714285714285715,76.74285714285715
2013-03-04,21.2,68.8
2013-03-11,24.114285714285717,78.55714285714285
2013-03-18,26.442857142857143,77.14285714285714
2013-03-25,24.24285714285714,76.57142857142857
2013-04-01,24.5,77.11428571428571
2013-04-08,20.37142857142857,72.78571428571429
2013-04-15,26.357142857142858,77.52857142857144
2013-04-22,27.014285714285712,76.21428571428571
2013-04-29,25.75714285714286,76.45714285714287
2013-05-06,26.82857142857143,74.98571428571428
2013-05-13,30.514285714285712,72.42857142857143
2013-05-20,29.37142857142857,74.14285714285714
2013-05-27,29.385714285714283,74.15714285714286
2013-06-03,29.842857142857145,72.27142857142857
2013-06-10,28.12857142857143,63.81428571428571
2013-06-17,30.47142857142857,71.98571428571428
2013-06-24,29.485714285714288,73.91428571428571
2013-07-01,29.914285714285715,74.0
2013-07-08,28.785714285714285,78.22857142857143
2013-07-15,28.228571428571428,81.77142857142857
2013-07-22,27.542857142857144,82.18571428571428
2013-07-29,28.414285714285715,79.2
2013-08-05,27.728571428571428,80.84285714285714
2013-08-12,30.042857142857144,72.27142857142857
2013-08-19,27.62857142857143,82.98571428571428
2013-08-26,28.785714285714285,80.0
2013-09-02,25.47142857142857,86.32857142857142
2013-09-09,27.8,79.27142857142857
2013-09-16,28.657142857142855,72.75714285714285
2013-09-23,25.47142857142857,76.5
2013-09-30,26.014285714285712,73.2
2013-10-07,27.357142857142858,62.25714285714286
2013-10-14,23.957142857142856,73.31428571428572
2013-10-21,23.514285714285712,63.48571428571428
2013-10-28,24.785714285714285,74.04285714285713
2013-11-04,25.185714285714287,68.81428571428572
2013-11-11,22.685714285714287,67.61428571428571
2013-11-18,20.685714285714287,74.97142857142856
2013-11-25,19.900000000000002,56.199999999999996
2013-12-02,18.885714285714283,65.45714285714286
2013-12-09,17.54285714285714,75.68571428571428
2013-12-16,12.571428571428571,60.91428571428571
2013-12-23,13.671428571428573,51.6
2013-12-30,16.185714285714287,64.87142857142858
2014-01-06,18.271428571428572,71.27142857142857
2014-01-13,14.642857142857142,61.542857142857144
2014-01-20,16.47142857142857,60.385714285714286
2014-01-27,19.67142857142857,75.57142857142857
2014-02-03,21.17142857142857,78.21428571428571
2014-02-10,12.214285714285714,62.1
2014-02-17,14.6,76.0
2014-02-24,20.642857142857142,87.10000000000001
2014-03-03,18.1,88.64285714285714
2014-03-10,17.82857142857143,85.55714285714285
2014-03-17,18.771428571428572,87.48571428571428
2014-03-24,22.914285714285715,86.82857142857142
2014-03-31,23.714285714285715,82.27142857142857
2014-04-07,24.5,87.60000000000001
2014-04-14,26.271428571428572,86.38571428571429
2014-04-21,26.400000000000002,87.64285714285714
2014-04-28,25.0,80.25714285714285
2014-05-05,26.52857142857143,74.51428571428572
2014-05-12,30.057142857142857,76.35714285714286
2014-05-19,30.785714285714285,75.17142857142858
2014-05-26,29.614285714285717,79.02857142857144
2014-06-02,29.97142857142857,80.32857142857142
2014-06-09,28.485714285714288,81.35714285714286
2014-06-16,30.2,78.34285714285714
2014-06-23,30.157142857142855,79.58571428571429
2014-06-30,29.271428571428572,81.97142857142856
2014-07-07,29.785714285714285,81.5
2014-07-14,28.957142857142856,83.04285714285713
2014-07-21,29.571428571428573,80.58571428571429
2014-07-28,29.25714285714286,81.35714285714286
2014-08-04,29.271428571428572,82.87142857142858
2014-08-11,28.842857142857145,80.77142857142857
2014-08-18,28.385714285714283,85.74285714285715
2014-08-25,27.357142857142858,87.4
2014-09-01,28.47142857142857,84.24285714285715
2014-09-08,29.514285714285712,84.17142857142858
2014-09-15,28.02857142857143,90.02857142857144
2014-09-22,28.185714285714287,76.77142857142857
2014-09-29,29.042857142857144,76.39999999999999
2014-10-06,26.271428571428572,69.05714285714285
2014-10-13,25.885714285714283,69.17142857142856
2014-10-20,25.914285714285715,78.31428571428572
2014-10-27,26.271428571428572,83.84285714285714
2014-11-03,21.3,81.87142857142858
2014-11-10,21.042857142857144,80.04285714285713
2014-11-17,21.385714285714283,77.45714285714287
2014-11-24,25.657142857142855,82.05714285714285
2014-12-01,18.157142857142855,75.01428571428572
2014-12-08,17.4,66.65714285714286
2014-12-15,15.957142857142857,58.01428571428572
2014-12-22,16.814285714285713,73.5
2014-12-29,17.314285714285713,71.02857142857144
2015-01-05,16.585714285714285,82.91428571428571
2015-01-12,15.642857142857142,72.3
2015-01-19,19.2,75.74285714285715
2015-01-26,18.842857142857145,81.52857142857144
2015-02-02,14.5,77.32857142857144
2015-02-09,17.12857142857143,81.89999999999999
2015-02-16,22.014285714285712,85.60000000000001
2015-02-23,24.057142857142857,80.34285714285714
2015-03-02,18.885714285714283,89.41428571428571
2015-03-09,19.02857142857143,92.74285714285715
2015-03-16,24.928571428571427,85.0
2015-03-23,21.87142857142857,86.97142857142856
2015-03-30,27.214285714285715,80.65714285714286
2015-04-06,21.285714285714285,81.67142857142858
2015-04-13,25.228571428571428,73.28571428571429
2015-04-20,24.814285714285713,73.61428571428571
2015-04-27,28.542857142857144,77.58571428571429
2015-05-04,29.52857142857143,77.41428571428571
2015-05-11,28.928571428571427,77.84285714285714
2015-05-18,29.74285714285714,76.91428571428571
2015-05-25,32.24285714285715,68.81428571428572
2015-06-01,29.3,78.54285714285713
2015-06-08,29.47142857142857,78.95714285714287
2015-06-15,30.47142857142857,76.7
2015-06-22,30.8,72.21428571428571
2015-06-29,32.98571428571429,61.471428571428575
2015-07-06,29.785714285714285,63.67142857142857
2015-07-13,30.542857142857144,72.8
2015-07-20,28.928571428571427,79.65714285714286
2015-07-27,26.52857142857143,87.84285714285714
2015-08-03,27.97142857142857,82.89999999999999
2015-08-10,30.928571428571427,73.35714285714286
2015-08-17,31.157142857142855,70.12857142857142
2015-08-24,29.62857142857143,76.0
2015-08-31,28.714285714285715,81.37142857142858
2015-09-07,27.75714285714286,79.42857142857143
2015-09-14,27.25714285714286,78.71428571428571
2015-09-21,28.485714285714288,83.82857142857144
2015-09-28,29.400000000000002,74.28571428571429
2015-10-05,25.428571428571427,72.38571428571429
2015-10-12,25.428571428571427,68.07142857142857
2015-10-19,27.071428571428573,68.75714285714285
2015-10-26,26.52857142857143,74.55714285714285
2015-11-02,24.985714285714288,76.84285714285714
2015-11-09,24.928571428571427,82.65714285714286
2015-11-16,26.8,78.68571428571428
2015-11-23,21.357142857142858,73.52857142857144
2015-11-30,20.32857142857143,77.34285714285714
2015-12-07,18.928571428571427,78.34285714285714
2015-12-14,16.62857142857143,69.05714285714285
2015-12-21,18.985714285714288,84.38571428571429
2015-12-28,17.52857142857143,80.55714285714285
2016-01-04,21.985714285714288,85.15714285714286
2016-01-11,17.714285714285715,86.48571428571428
2016-01-18,14.985714285714286,81.08571428571429
2016-01-25,12.185714285714285,90.25714285714285
2016-02-01,14.200000000000001,68.3
2016-02-08,19.642857142857142,76.08571428571429
2016-02-15,16.357142857142858,66.64285714285714
2016-02-22,15.514285714285714,77.05714285714285
2016-02-29,19.857142857142858,80.22857142857143
2016-03-07,19.12857142857143,85.52857142857144
2016-03-14,20.7,88.64285714285714
2016-03-21,20.485714285714288,84.55714285714285
2016-03-28,20.914285714285715,91.22857142857143
2016-04-04,24.614285714285717,92.95714285714287
2016-04-11,26.74285714285714,86.98571428571428
2016-04-18,24.085714285714285,85.94285714285715
2016-04-25,27.04285714285714,84.77142857142857
2016-05-02,28.914285714285715,86.15714285714286
2016-05-09,27.971428571428568,82.60000000000001
2016-05-16,28.099999999999998,74.41428571428571
2016-05-23,28.042857142857144,89.25714285714285
2016-05-30,31.357142857142858,76.05714285714285
2016-06-06,30.385714285714283,79.97142857142856
2016-06-13,30.928571428571427,75.81428571428572
2016-06-20,30.614285714285717,80.35714285714286
2016-06-27,29.62857142857143,86.52857142857144
2016-07-04,29.885714285714283,81.5
2016-07-11,30.142857142857142,79.37142857142858
2016-07-18,30.771428571428572,73.41428571428571
2016-07-25,29.62857142857143,77.87142857142858
2016-08-01,29.857142857142858,79.55714285714285
2016-08-08,29.45714285714286,80.18571428571428
2016-08-15,28.142857142857142,86.74285714285715
2016-08-22,29.12857142857143,82.45714285714287
2016-08-29,29.285714285714285,80.22857142857143
2016-09-05,27.985714285714288,87.67142857142858
2016-09-12,29.25714285714286,80.25714285714285
2016-09-19,28.514285714285712,72.5142857142857
2016-09-26,29.585714285714285,70.11428571428571
2016-10-03,28.985714285714288,68.95714285714286
2016-10-10,27.185714285714287,71.41428571428571
2016-10-17,28.74285714285714,64.95714285714286
2016-10-24,27.057142857142857,81.07142857142857
2016-10-31,23.042857142857144,76.48571428571428
2016-11-07,21.0,86.39999999999999
2016-11-14,26.228571428571428,74.34285714285714
2016-11-21,22.285714285714285,61.82857142857143
2016-11-28,20.7,48.58571428571429
2016-12-05,21.25714285714286,53.300000000000004
2016-12-12,20.47142857142857,65.02857142857142
2016-12-19,22.314285714285717,83.61428571428571
2016-12-26,18.914285714285715,66.18571428571428
2017-01-02,21.657142857142855,83.74285714285715
2017-01-09,17.97142857142857,89.3
2017-01-16,17.099999999999998,85.55714285714285
2017-01-23,20.042857142857144,78.67142857142858
2017-01-30,20.957142857142856,86.17142857142858
2017-02-06,18.52857142857143,68.71428571428571
2017-02-13,20.24285714285714,77.02857142857144
2017-02-20,19.885714285714283,76.87142857142858
2017-02-27,19.657142857142855,77.52857142857144
2017-03-06,19.228571428571428,92.24285714285715
2017-03-13,22.271428571428572,96.81428571428572
2017-03-20,24.099999999999998,87.5
2017-03-27,21.571428571428573,83.65714285714286
2017-04-03,24.37142857142857,93.3
2017-04-10,25.285714285714285,87.44285714285715
2017-04-17,25.085714285714285,87.47142857142856
2017-04-24,24.657142857142855,86.04285714285713
2017-05-01,28.357142857142858,87.31428571428572
2017-05-08,27.942857142857143,85.67142857142858
2017-05-15,25.571428571428573,86.01428571428572
2017-05-22,28.057142857142857,71.88571428571429
2017-05-29,32.1,66.85714285714286
2017-06-05,29.642857142857142,82.04285714285713
2017-06-12,28.900000000000002,89.47142857142856
2017-06-19,29.82857142857143,85.05714285714285
2017-06-26,29.02857142857143,88.7
2017-07-03,28.657142857142855,90.07142857142857
2017-07-10,28.042857142857144,90.84285714285714
2017-07-17,27.5,92.57142857142857
2017-07-24,30.185714285714287,81.84285714285714
2017-07-31,29.071428571428573,90.01428571428572
2017-08-07,31.414285714285715,78.77142857142857
2017-08-14,27.7,91.04285714285713
2017-08-21,28.8,87.31428571428572
2017-08-28,28.74285714285714,87.87142857142858
2017-09-04,28.2,90.91428571428571
2017-09-11,27.928571428571427,82.95714285714287
2017-09-18,29.6,80.14285714285714
2017-09-25,28.75714285714286,82.27142857142857
2017-10-02,27.271428571428572,85.81428571428572
2017-10-09,26.657142857142855,79.35714285714286
2017-10-16,23.414285714285715,75.52857142857144
2017-10-23,25.228571428571428,70.42857142857143
2017-10-30,23.314285714285713,61.31428571428571
2017-11-06,23.728571428571428,76.51428571428572
2017-11-13,25.385714285714283,79.05714285714285
2017-11-20,17.32857142857143,63.6
2017-11-27,21.400000000000002,71.08571428571429
2017-12-04,19.214285714285715,70.85714285714286
2017-12-11,16.342857142857145,76.27142857142857
2017-12-18,16.428571428571427,55.18571428571429
2017-12-25,17.02857142857143,77.22857142857143
2018-01-01,19.3,90.28571428571429
2018-01-08,14.914285714285715,63.05714285714286
2018-01-15,19.428571428571427,83.08571428571429
2018-01-22,20.185714285714287,86.17142857142858
2018-01-29,13.014285714285714,55.31428571428571
2018-02-05,14.6,57.57142857142857
2018-02-12,18.571428571428573,77.51428571428572
2018-02-19,19.485714285714288,84.17142857142858
2018-02-26,22.400000000000002,85.82857142857142
2018-03-05,21.642857142857142,70.32857142857144
2018-03-12,21.75714285714286,86.10000000000001
2018-03-19,21.87142857142857,71.32857142857144
2018-03-26,23.942857142857143,78.32857142857142
2018-04-02,22.857142857142858,69.9
2018-04-09,23.557142857142857,82.35714285714286
2018-04-16,24.25714285714286,79.24285714285715
2018-04-23,25.228571428571428,86.68571428571428
2018-04-30,27.52857142857143,83.48571428571428
2018-05-07,28.642857142857142,79.75714285714285
2018-05-14,29.62857142857143,77.61428571428571
2018-05-21,30.057142857142857,74.60000000000001
2018-05-28,28.157142857142855,84.01428571428572
2018-06-04,30.228571428571428,73.75714285714285
2018-06-11,29.38571428571429,78.18571428571428
2018-06-18,31.414285714285715,74.35714285714286
2018-06-25,29.97142857142857,78.18571428571428
2018-07-02,32.74285714285714,66.9
2018-07-09,29.057142857142857,82.51428571428572
2018-07-16,27.957142857142856,87.24285714285715
2018-07-23,28.357142857142858,85.41428571428571
2018-07-30,27.814285714285713,89.74285714285715
2018-08-06,29.214285714285715,83.52857142857144
2018-08-13,28.614285714285717,87.55714285714285
2018-08-20,29.75714285714286,81.62857142857142
2018-08-27,27.728571428571428,91.97142857142856
2018-09-03,28.857142857142858,77.92857142857143
2018-09-10,28.814285714285717,77.35714285714286
2018-09-17,28.042857142857144,81.25714285714285
2018-09-24,27.67142857142857,80.21428571428571
2018-10-01,27.142857142857142,65.0
2018-10-08,25.157142857142855,73.01428571428572
2018-10-15,24.099999999999998,87.25714285714285
2018-10-22,25.457142857142856,84.91428571428571
2018-10-29,24.157142857142855,65.12857142857142
2018-11-05,24.285714285714285,80.37142857142858
2018-11-12,25.685714285714287,85.74285714285715
2018-11-19,21.82857142857143,77.0
2018-11-26,22.814285714285713,76.7
2018-12-03,22.32857142857143,83.24285714285715
2018-12-10,15.071428571428571,74.24285714285715
2018-12-17,21.571428571428573,75.92857142857143
2018-12-24,18.214285714285715,79.22857142857143
2018-12-31,15.142857142857142,72.0
2019-01-07,17.47142857142857,96.64285714285714
2019-01-14,17.17142857142857,83.04285714285716
2019-01-21,17.214285714285715,77.10000000000001
2019-01-28,21.47142857142857,80.31428571428572
2019-02-04,24.542857142857144,79.88571428571429
2019-02-11,22.0,91.22857142857143
2019-02-18,21.485714285714288,82.42857142857143
2019-02-25,21.428571428571427,87.02857142857144
2019-03-04,20.75714285714286,82.21428571428571
2019-03-11,21.099999999999998,78.8
2019-03-18,22.52857142857143,86.65714285714286
2019-03-25,23.485714285714288,84.47142857142856
2019-04-01,23.985714285714288,88.82857142857142
2019-04-08,27.8,84.39999999999999
2019-04-15,26.942857142857143,86.95714285714284
2019-04-22,28.957142857142856,78.01428571428572
2019-04-29,25.042857142857144,89.75714285714285
2019-05-06,25.157142857142855,87.24285714285715
2019-05-13,31.02857142857143,76.25714285714285
2019-05-20,28.985714285714288,75.0
2019-05-27,26.685714285714287,86.22857142857143
2019-06-03,30.142857142857142,81.32857142857142
2019-06-10,31.62857142857143,75.15714285714286
2019-06-17,31.271428571428572,77.2
2019-06-24,30.985714285714288,74.87142857142858
2019-07-01,30.485714285714288,78.57142857142857
2019-07-08,31.24285714285714,72.1
2019-07-15,31.12857142857143,77.18571428571428
2019-07-22,29.82857142857143,80.52857142857144
2019-07-29,28.142857142857142,86.51428571428572
2019-08-05,30.47142857142857,78.8
2019-08-12,30.942857142857143,74.67142857142858
2019-08-19,28.271428571428572,84.51428571428572
2019-08-26,28.5,83.24285714285715
2019-09-02,30.271428571428572,72.71428571428571
2019-09-09,28.842857142857145,80.31428571428572
2019-09-16,28.32857142857143,74.14285714285714
2019-09-23,27.12857142857143,64.8
2019-09-30,27.342857142857145,76.85714285714286
2019-10-07,27.014285714285712,80.98571428571428
2019-10-14,25.7,75.65714285714286
2019-10-21,25.885714285714283,80.60000000000001
2019-10-28,22.057142857142857,79.17142857142858
2019-11-04,23.357142857142858,66.61428571428571
2019-11-11,23.599999999999998,78.32857142857142
2019-11-18,22.3,75.51428571428572
2019-11-25,22.014285714285712,71.25714285714285
2019-12-02,17.142857142857142,48.271428571428565
2019-12-09,17.842857142857145,69.54285714285714
2019-12-16,20.057142857142857,84.15714285714286
2019-12-23,19.542857142857144,77.61428571428573
2019-12-30,21.285714285714285,81.81428571428572
2020-01-06,21.928571428571427,77.75714285714285
2020-01-13,18.2,83.11428571428571
2020-01-20,18.814285714285713,83.91428571428571
2020-01-27,15.700000000000001,69.12857142857142
2020-02-03,16.314285714285713,89.92857142857143
2020-02-10,20.571428571428573,81.62857142857142
2020-02-17,18.771428571428572,70.37142857142858
2020-02-24,23.057142857142857,77.27142857142857
2020-03-02,21.057142857142857,84.58571428571429
2020-03-09,23.385714285714283,76.08571428571429
2020-03-16,21.585714285714285,87.55714285714285
2020-03-23,25.642857142857142,82.15714285714286
2020-03-30,19.542857142857144,85.38571428571429
2020-04-06,21.32857142857143,81.12857142857142
2020-04-13,22.457142857142856,81.01428571428572
2020-04-20,22.271428571428572,83.02857142857144
2020-04-27,25.514285714285712,74.38571428571429
2020-05-04,29.085714285714285,79.22857142857143
2020-05-11,28.37142857142857,77.87142857142858
2020-05-18,30.45714285714286,73.60000000000001
2020-05-25,29.3,73.25714285714285
2020-06-01,31.357142857142858,68.7
2020-06-08,30.7,70.34285714285714
2020-06-15,30.5,72.48571428571428
2020-06-22,32.385714285714286,64.15714285714286
2020-06-29,30.32857142857143,74.88571428571429
2020-07-06,31.985714285714288,64.58571428571429
2020-07-13,32.142857142857146,65.61428571428571
2020-07-20,30.457142857142856,71.88571428571429
2020-07-27,29.3,75.82857142857142
2020-08-03,28.02857142857143,84.34285714285714
2020-08-10,28.5,80.41428571428571
2020-08-17,27.885714285714283,80.85714285714286
2020-08-24,30.885714285714283,72.21428571428571
2020-08-31,30.985714285714288,70.71428571428571
2020-09-07,28.414285714285715,81.5
2020-09-14,27.942857142857143,77.60000000000001
2020-09-21,27.5,81.45714285714287
2020-09-28,28.214285714285715,80.47142857142856
2020-10-05,24.957142857142856,66.3
2020-10-12,24.3,70.25714285714285
2020-10-19,22.8,59.228571428571435
2020-10-26,23.457142857142856,81.62857142857142
2020-11-02,23.542857142857144,65.58571428571429
2020-11-09,22.414285714285715,56.728571428571435
2020-11-16,24.385714285714283,84.82857142857142
2020-11-23,23.271428571428572,70.3
2020-11-30,18.071428571428573,56.814285714285724
2020-12-07,20.17142857142857,70.3
2020-12-14,14.985714285714286,64.02857142857142
2020-12-21,18.557142857142857,62.6
2020-12-28,17.02857142857143,57.82857142857143
2021-01-04,13.942857142857141,54.08571428571429
2021-01-11,15.514285714285714,57.18571428571429
2021-01-18,17.3,68.62857142857142
2021-01-25,19.271428571428572,77.97142857142856
2021-02-01,20.642857142857142,76.58571428571429
2021-02-08,19.228571428571428,73.71428571428571
2021-02-15,20.428571428571427,71.85714285714286
2021-02-22,21.428571428571427,79.07142857142857
2021-03-01,20.114285714285717,82.78571428571429
2021-03-08,23.37142857142857,85.2
2021-03-15,23.642857142857142,86.92857142857143
2021-03-22,20.97142857142857,77.67142857142858
2021-03-29,25.557142857142857,92.34285714285714
2021-04-05,23.457142857142856,87.05714285714285
2021-04-12,25.342857142857145,87.0
2021-04-19,27.75714285714286,85.5
2021-04-26,24.814285714285713,82.0
2021-05-03,27.82857142857143,82.22857142857143
2021-05-10,29.400000000000002,81.01428571428572
2021-05-17,30.571428571428573,79.7
2021-05-24,29.400000000000002,78.27142857142857
2021-05-31,31.657142857142855,66.35714285714286
2021-06-07,28.5,83.95714285714287
2021-06-14,32.714285714285715,63.142857142857146
2021-06-21,30.52857142857143,73.54285714285713
2021-06-28,32.885714285714286,59.65714285714286
2021-07-05,29.542857142857144,78.87142857142858
2021-07-12,30.67142857142857,73.39999999999999
2021-07-19,28.87142857142857,84.17142857142858
2021-07-26,30.557142857142857,78.10000000000001
2021-08-02,32.385714285714286,71.95714285714286
2021-08-09,28.614285714285717,88.5
2021-08-16,30.3,80.08571428571429
2021-08-23,28.82857142857143,86.61428571428571
2021-08-30,29.24285714285714,81.51428571428572
2021-09-06,28.842857142857145,82.24285714285715
2021-09-13,27.985714285714288,88.08571428571429
2021-09-20,27.400000000000002,87.95714285714287
2021-09-27,28.585714285714285,81.71428571428571
2021-10-04,27.942857142857143,79.81428571428572
2021-10-11,22.82857142857143,84.35714285714286
2021-10-18,21.8,82.12857142857142
2021-10-25,22.185714285714287,86.01428571428572
2021-11-01,24.599999999999998,90.71428571428571
2021-11-08,20.857142857142858,58.24285714285715
2021-11-15,21.985714285714288,80.55714285714285
2021-11-22,19.542857142857144,67.37142857142858
2021-11-29,19.02857142857143,64.2
2021-12-06,19.599999999999998,75.21428571428571
2021-12-13,19.457142857142856,70.51428571428572
2021-12-20,19.414285714285715,73.31428571428572
2021-12-27,15.299999999999999,75.62857142857142
2022-01-03,19.2,81.27142857142857
2022-01-10,17.0,80.85714285714286
2022-01-17,17.314285714285713,83.91428571428571
2022-01-24,19.814285714285713,85.2
2022-01-31,13.62857142857143,74.24285714285715
2022-02-07,14.942857142857141,91.04285714285713
2022-02-14,15.742857142857144,87.58571428571429
2022-02-21,14.5,67.2
2022-02-28,21.385714285714283,85.08571428571429
2022-03-07,21.385714285714283,80.04285714285713
2022-03-14,24.214285714285715,85.52857142857144
2022-03-21,23.214285714285715,84.95714285714287
2022-03-28,20.685714285714283,75.54285714285713
2022-04-04,23.87142857142857,64.31428571428572
2022-04-11,24.285714285714285,84.10000000000001
2022-04-18,23.485714285714288,80.02857142857144
2022-04-25,27.12857142857143,82.18571428571428
2022-05-02,25.47142857142857,66.60000000000001
2022-05-09,26.814285714285713,84.75714285714285
2022-05-16,25.25714285714286,75.8
2022-05-23,27.071428571428573,88.91428571428571
2022-05-30,29.74285714285714,79.3
2022-06-06,28.87142857142857,83.15714285714286
2022-06-13,30.599999999999998,72.6
2022-06-20,31.114285714285717,71.84285714285714
2022-06-27,30.557142857142857,75.52857142857144
2022-07-04,28.985714285714288,82.91428571428571
2022-07-11,30.114285714285717,80.25714285714285
2022-07-18,29.485714285714288,81.54285714285713
2022-07-25,30.414285714285715,75.82857142857142
2022-08-01,29.271428571428572,80.15714285714286
2022-08-08,27.814285714285713,84.48571428571428
2022-08-15,29.542857142857144,81.55714285714285
2022-08-22,29.442857142857143,82.37142857142858
2022-08-29,29.885714285714283,76.87142857142858
2022-09-05,28.357142857142858,77.07142857142857
2022-09-12,29.24285714285714,77.22857142857143
2022-09-19,27.8,80.02857142857144
2022-09-26,27.085714285714285,82.48571428571428
2022-10-03,26.957142857142856,81.3
2022-10-10,24.842857142857145,58.08571428571429
2022-10-17,23.599999999999998,68.8
2022-10-24,26.114285714285717,75.45714285714287
2022-10-31,24.099999999999998,62.68571428571429
2022-11-07,24.87142857142857,77.89999999999999
2022-11-14,26.285714285714285,80.45714285714287
2022-11-21,24.75714285714286,82.85714285714286
2022-11-28,20.985714285714288,77.28571428571429
2022-12-05,16.942857142857143,74.01428571428572
2022-12-12,17.97142857142857,51.32857142857143
2022-12-19,17.928571428571427,53.05714285714286
2022-12-26,15.885714285714286,71.3
2023-01-02,18.771428571428572,66.42857142857143
2023-01-09,21.071428571428573,79.47142857142856
2023-01-16,15.299999999999999,63.44285714285714
2023-01-23,15.87142857142857,57.857142857142854
2023-01-30,18.900000000000002,80.87142857142858
2023-02-06,22.057142857142857,92.72857142857143
2023-02-13,19.5,74.11428571428571
2023-02-20,19.957142857142856,66.7
2023-02-27,20.114285714285717,71.65714285714286
2023-03-06,22.414285714285715,76.87142857142858
2023-03-13,22.314285714285713,76.89999999999999
2023-03-20,25.24285714285714,83.47142857142856
2023-03-27,20.17142857142857,85.21428571428571
2023-04-03,24.514285714285712,78.45714285714287
2023-04-10,23.928571428571427,90.95714285714287
2023-04-17,27.614285714285717,83.77142857142857
2023-04-24,24.814285714285713,79.47142857142856
2023-05-01,28.7,78.31428571428572
2023-05-08,25.099999999999998,81.37142857142858
2023-05-15,30.642857142857142,73.64285714285714
2023-05-22,29.542857142857144,81.34285714285714
2023-05-29,31.342857142857145,72.61428571428571
2023-06-05,30.357142857142858,76.72857142857143
2023-06-12,29.585714285714285,80.95714285714287
2023-06-19,28.285714285714285,85.78571428571429
2023-06-26,30.099999999999998,81.14285714285714
2023-07-03,30.685714285714287,77.58571428571429
2023-07-10,31.2,73.42857142857143
2023-07-17,29.614285714285717,76.68571428571428
2023-07-24,31.157142857142855,74.32857142857142
2023-07-31,28.02857142857143,88.14285714285714
2023-08-07,28.985714285714288,84.28571428571429
2023-08-14,29.314285714285713,84.27142857142857
2023-08-21,29.52857142857143,82.7
2023-08-28,29.514285714285712,69.68571428571428
2023-09-04,29.142857142857142,79.35714285714286
2023-09-11,26.857142857142858,88.15714285714286
2023-09-18,29.75714285714286,78.7
2023-09-25,27.557142857142857,85.48571428571428
2023-10-02,29.17142857142857,74.88571428571429
2023-10-09,25.914285714285715,69.62857142857142
2023-10-16,26.97142857142857,64.02857142857142
2023-10-23,26.614285714285717,76.81428571428572
2023-10-30,26.599999999999998,74.91428571428571
2023-11-06,26.557142857142857,82.67142857142856
2023-11-13,19.614285714285717,66.54285714285714
2023-11-20,22.557142857142857,74.18571428571428
2023-11-27,21.014285714285712,81.05714285714285
2023-12-04,21.057142857142857,80.11428571428571
2023-12-11,22.585714285714285,81.57142857142857
2023-12-18,14.542857142857143,56.01428571428572
2023-12-25,18.985714285714288,69.0
2024-01-01,21.314285714285713,78.44285714285715
2024-01-08,19.75714285714286,90.85714285714286
2024-01-15,20.928571428571427,86.98571428571428
2024-01-22,11.314285714285715,70.45714285714287
2024-01-29,18.75714285714286,89.27142857142857
2024-02-05,17.914285714285715,76.25714285714285
2024-02-12,21.157142857142855,81.58571428571429
2024-02-19,20.3,91.78571428571429
2024-02-26,14.4,79.7
2024-03-04,20.157142857142855,81.25714285714285
2024-03-11,21.314285714285713,88.92857142857143
2024-03-18,22.214285714285715,86.08571428571429
2024-03-25,25.599999999999998,85.95714285714287
2024-04-01,26.842857142857145,87.92857142857143
2024-04-08,25.24285714285714,86.81428571428572
2024-04-15,27.8,85.12857142857142
2024-04-22,29.042857142857144,82.14285714285714
2024-04-29,27.185714285714287,84.95714285714287
2024-05-06,27.257142857142856,80.84285714285714
2024-05-13,27.514285714285712,77.7
